sale_id,customer_id,product_id,store_id,sale_amount
1,CUST0491,PROD0539,STORE054,262.86
2,CUST0866,PROD0600,STORE053,186.07
3,CUST0286,PROD0390,STORE061,275.81
4,CUST0842,PROD0943,STORE047,237.74
5,CUST0672,PROD0270,STORE069,244.14
6,CUST0708,PROD0712,STORE085,328.92
7,CUST0119,PROD0660,STORE006,315.92
8,CUST0692,PROD0382,STORE077,407.63
9,CUST0088,PROD0597,STORE090,100.67
10,CUST0211,PROD0502,STORE006,455.48
11,CUST0705,PROD0831,STORE089,370.98
12,CUST0729,PROD0373,STORE015,318.98
13,CUST0925,PROD0291,STORE032,370.0
14,CUST0237,PROD0132,STORE055,325.29
15,CUST0533,PROD0502,STORE100,178.34
16,CUST0263,PROD0646,STORE003,149.34
17,CUST0968,PROD0336,STORE043,366.69
18,CUST0089,PROD0848,STORE055,231.45
19,CUST0310,PROD0095,STORE008,48.24
20,CUST0931,PROD0758,STORE056,442.46
21,CUST0946,PROD0929,STORE029,20.5
22,CUST0879,PROD0745,STORE011,297.62
23,CUST0851,PROD0292,STORE094,383.36
24,CUST0863,PROD0332,STORE085,429.95
25,CUST0405,PROD0424,STORE033,164.16
26,CUST0830,PROD0890,STORE062,456.75
27,CUST0357,PROD0491,STORE007,235.34
28,CUST0372,PROD0222,STORE059,203.26
29,CUST0553,PROD0830,STORE079,340.89
30,CUST0503,PROD0905,STORE057,328.38
31,CUST0779,PROD0596,STORE019,27.13
32,CUST0313,PROD0844,STORE055,474.06
33,CUST0313,PROD0632,STORE071,171.84
34,CUST0425,PROD0292,STORE034,476.89
35,CUST0776,PROD0780,STORE042,395.39
36,CUST0236,PROD0530,STORE040,320.93
37,CUST0705,PROD0694,STORE071,312.69
38,CUST0064,PROD0295,STORE026,227.26
39,CUST0384,PROD0527,STORE007,138.11
40,CUST0534,PROD0215,STORE057,82.1
41,CUST0067,PROD0627,STORE066,256.29
42,CUST0029,PROD0255,STORE032,493.45
43,CUST0419,PROD0257,STORE046,352.94
44,CUST0108,PROD0509,STORE070,232.75
45,CUST0808,PROD0252,STORE042,82.11
46,CUST0351,PROD0022,STORE092,466.78
47,CUST0886,PROD0406,STORE058,303.51
48,CUST0353,PROD0927,STORE027,392.22
49,CUST0493,PROD0403,STORE010,346.66
50,CUST0907,PROD0728,STORE019,259.39
51,CUST1000,PROD0750,STORE012,42.62
52,CUST0556,PROD0945,STORE006,55.51
53,CUST0308,PROD0281,STORE072,402.58
54,CUST0312,PROD0281,STORE006,499.09
55,CUST0125,PROD0458,STORE039,190.58
56,CUST0737,PROD0337,STORE084,240.75
57,CUST0684,PROD0964,STORE100,214.98
58,CUST0207,PROD0164,STORE050,327.78
59,CUST0338,PROD0210,STORE031,51.9
60,CUST0368,PROD0014,STORE047,25.42
61,CUST0646,PROD0187,STORE059,100.58
62,CUST0494,PROD0597,STORE020,111.13
63,CUST0354,PROD0440,STORE076,466.62
64,CUST0315,PROD0433,STORE027,221.01
65,CUST0729,PROD0633,STORE016,367.3
66,CUST0238,PROD0912,STORE068,331.45
67,CUST0566,PROD0492,STORE003,375.88
68,CUST0307,PROD0490,STORE027,140.27
69,CUST0425,PROD0939,STORE012,415.29
70,CUST0156,PROD0589,STORE088,276.14
71,CUST0442,PROD0623,STORE066,29.29
72,CUST0817,PROD0603,STORE009,389.77
73,CUST0577,PROD0139,STORE028,246.46
74,CUST0564,PROD0701,STORE048,416.81
75,CUST0637,PROD0065,STORE092,46.93
76,CUST0169,PROD0961,STORE051,147.43
77,CUST0255,PROD0085,STORE042,76.18
78,CUST0964,PROD0724,STORE035,203.04
79,CUST0298,PROD0295,STORE077,362.71
80,CUST0795,PROD0650,STORE076,319.92
81,CUST0085,PROD0708,STORE047,429.59
82,CUST0950,PROD0161,STORE051,282.62
83,CUST0987,PROD0255,STORE048,34.1
84,CUST0856,PROD0722,STORE056,214.47
85,CUST0242,PROD0676,STORE044,100.05
86,CUST0413,PROD0842,STORE020,351.14
87,CUST0365,PROD0728,STORE013,497.78
88,CUST0491,PROD0578,STORE027,131.44
89,CUST0811,PROD0695,STORE053,259.39
90,CUST0368,PROD0570,STORE016,198.56
91,CUST0985,PROD0997,STORE084,259.58
92,CUST0359,PROD0979,STORE081,333.29
93,CUST0457,PROD0367,STORE014,59.83
94,CUST0136,PROD0568,STORE021,455.75
95,CUST0846,PROD0924,STORE061,101.93
96,CUST0238,PROD0473,STORE038,459.7
97,CUST0323,PROD0601,STORE011,203.96
98,CUST0586,PROD0878,STORE028,403.7
99,CUST0932,PROD0889,STORE050,311.85
100,CUST0701,PROD0968,STORE046,256.17
101,CUST0667,PROD0356,STORE077,145.69
102,CUST0160,PROD0542,STORE065,323.69
103,CUST0219,PROD0016,STORE057,466.77
104,CUST0805,PROD0266,STORE049,206.21
105,CUST0113,PROD0674,STORE058,25.09
106,CUST0670,PROD0584,STORE062,188.58
107,CUST0876,PROD0778,STORE056,197.32
108,CUST0984,PROD0240,STORE089,301.99
109,CUST0774,PROD0665,STORE076,298.13
110,CUST0663,PROD0193,STORE099,406.07
111,CUST0608,PROD0969,STORE050,28.15
112,CUST0391,PROD0019,STORE077,461.64
113,CUST0743,PROD0885,STORE049,398.59
114,CUST0933,PROD0974,STORE072,263.89
115,CUST0461,PROD0942,STORE096,192.07
116,CUST0321,PROD0264,STORE013,439.37
117,CUST0842,PROD0967,STORE002,396.38
118,CUST0600,PROD0281,STORE051,55.29
119,CUST0640,PROD0391,STORE013,427.87
120,CUST0787,PROD0177,STORE055,34.08
121,CUST0133,PROD0545,STORE030,370.89
122,CUST0532,PROD0248,STORE099,113.51
123,CUST0805,PROD0168,STORE003,183.75
124,CUST0648,PROD0380,STORE056,248.54
125,CUST0366,PROD0778,STORE063,373.01
126,CUST0352,PROD0061,STORE056,407.89
127,CUST0419,PROD0401,STORE051,58.86
128,CUST0796,PROD0770,STORE082,475.52
129,CUST0575,PROD0631,STORE015,201.51
130,CUST0591,PROD0956,STORE024,273.27
131,CUST0445,PROD0898,STORE095,427.89
132,CUST0826,PROD0065,STORE056,268.44
133,CUST0191,PROD0580,STORE067,450.5
134,CUST0020,PROD0928,STORE053,120.74
135,CUST0948,PROD0588,STORE061,16.55
136,CUST0065,PROD0264,STORE003,218.81
137,CUST0095,PROD0723,STORE053,378.2
138,CUST0980,PROD0218,STORE003,268.24
139,CUST0264,PROD0333,STORE099,343.09
140,CUST0552,PROD0618,STORE054,307.93
141,CUST0541,PROD0621,STORE031,464.54
142,CUST0160,PROD0754,STORE010,255.47
143,CUST0831,PROD0284,STORE088,190.3
144,CUST0251,PROD0791,STORE035,28.31
145,CUST0985,PROD0449,STORE035,233.61
146,CUST0454,PROD0191,STORE012,415.39
147,CUST0546,PROD0166,STORE027,199.64
148,CUST0976,PROD0542,STORE057,399.32
149,CUST0950,PROD0205,STORE017,271.51
150,CUST0533,PROD0732,STORE029,151.92
151,CUST0434,PROD0703,STORE081,306.63
152,CUST0284,PROD0108,STORE034,235.68
153,CUST0063,PROD0291,STORE048,174.56
154,CUST0552,PROD0491,STORE020,341.81
155,CUST0602,PROD0514,STORE030,240.97
156,CUST0254,PROD0624,STORE085,175.17
157,CUST0482,PROD0975,STORE025,36.41
158,CUST0591,PROD0084,STORE049,35.21
159,CUST0416,PROD0147,STORE001,408.78
160,CUST0772,PROD0969,STORE006,261.47
161,CUST0643,PROD0555,STORE036,439.13
162,CUST0141,PROD0690,STORE060,260.11
163,CUST0233,PROD0689,STORE083,81.02
164,CUST0205,PROD0894,STORE040,318.85
165,CUST0356,PROD0305,STORE025,192.23
166,CUST0647,PROD0009,STORE089,457.68
167,CUST0316,PROD0996,STORE093,136.38
168,CUST0214,PROD0800,STORE078,136.15
169,CUST0815,PROD0926,STORE089,477.32
170,CUST0876,PROD0598,STORE084,93.76
171,CUST0775,PROD0438,STORE038,177.8
172,CUST0247,PROD0923,STORE046,154.55
173,CUST0185,PROD0179,STORE078,413.96
174,CUST0368,PROD0305,STORE085,243.43
175,CUST0424,PROD0946,STORE008,31.46
176,CUST0213,PROD0748,STORE080,88.39
177,CUST0446,PROD0091,STORE019,59.51
178,CUST0992,PROD0758,STORE057,163.65
179,CUST0301,PROD0821,STORE046,153.88
180,CUST0313,PROD0854,STORE039,361.0
181,CUST0472,PROD0349,STORE002,21.28
182,CUST0608,PROD0762,STORE070,121.6
183,CUST0317,PROD0656,STORE068,262.73
184,CUST0445,PROD0756,STORE081,287.62
185,CUST0603,PROD0726,STORE022,400.61
186,CUST0730,PROD0838,STORE081,332.41
187,CUST0106,PROD0813,STORE070,145.57
188,CUST0421,PROD0430,STORE096,215.36
189,CUST0892,PROD0826,STORE004,218.34
190,CUST0156,PROD0839,STORE078,465.58
191,CUST0027,PROD0678,STORE052,278.29
192,CUST0008,PROD0698,STORE038,313.18
193,CUST0527,PROD0971,STORE082,94.21
194,CUST0975,PROD0079,STORE024,456.61
195,CUST0183,PROD0629,STORE074,256.11
196,CUST0323,PROD0835,STORE032,265.88
197,CUST0978,PROD0495,STORE079,196.77
198,CUST0815,PROD0075,STORE084,241.27
199,CUST0733,PROD0514,STORE003,262.75
200,CUST0812,PROD0580,STORE062,345.46
201,CUST0449,PROD0845,STORE035,66.95
202,CUST0937,PROD0131,STORE010,176.98
203,CUST0398,PROD0054,STORE027,260.92
204,CUST0491,PROD0616,STORE088,396.73
205,CUST0886,PROD0382,STORE068,58.87
206,CUST0563,PROD0358,STORE089,159.55
207,CUST0201,PROD0739,STORE019,61.06
208,CUST0274,PROD0592,STORE060,32.65
209,CUST0403,PROD0876,STORE059,366.41
210,CUST0348,PROD0083,STORE006,122.24
211,CUST0496,PROD0140,STORE077,152.74
212,CUST0676,PROD0412,STORE020,264.98
213,CUST0076,PROD0600,STORE077,366.22
214,CUST0048,PROD0374,STORE066,17.96
215,CUST0478,PROD0992,STORE007,269.18
216,CUST0687,PROD0730,STORE061,182.97
217,CUST0661,PROD0173,STORE059,169.55
218,CUST0146,PROD0004,STORE018,138.15
219,CUST0409,PROD0777,STORE059,90.26
220,CUST0180,PROD0631,STORE055,158.45
221,CUST0850,PROD0984,STORE016,235.67
222,CUST0415,PROD0768,STORE070,70.53
223,CUST0740,PROD0718,STORE100,71.61
224,CUST0919,PROD0160,STORE080,399.26
225,CUST0257,PROD0294,STORE021,355.7
226,CUST0518,PROD0569,STORE090,305.25
227,CUST0269,PROD0557,STORE021,440.89
228,CUST0103,PROD0377,STORE011,309.16
229,CUST0002,PROD0072,STORE023,441.39
230,CUST0676,PROD0327,STORE071,480.99
231,CUST0569,PROD0751,STORE081,131.91
232,CUST0821,PROD0100,STORE085,97.77
233,CUST0422,PROD0259,STORE061,225.29
234,CUST0745,PROD0437,STORE098,314.84
235,CUST0072,PROD0061,STORE053,182.47
236,CUST0575,PROD0851,STORE049,90.4
237,CUST0386,PROD0841,STORE086,144.38
238,CUST0392,PROD0805,STORE070,389.06
239,CUST0053,PROD0835,STORE009,288.46
240,CUST0021,PROD0565,STORE006,415.0
241,CUST0207,PROD0473,STORE003,455.47
242,CUST0094,PROD0311,STORE039,478.88
243,CUST0309,PROD0389,STORE078,87.79
244,CUST0054,PROD0414,STORE026,311.14
245,CUST0046,PROD0441,STORE077,402.31
246,CUST0122,PROD0552,STORE038,70.76
247,CUST0951,PROD0286,STORE080,204.03
248,CUST0595,PROD0868,STORE061,488.07
249,CUST0209,PROD0840,STORE041,382.92
250,CUST0307,PROD0682,STORE049,141.56
251,CUST0821,PROD0667,STORE066,92.88
252,CUST0016,PROD0377,STORE001,362.01
253,CUST0449,PROD0265,STORE049,40.2
254,CUST0962,PROD0853,STORE036,445.87
255,CUST0325,PROD0904,STORE009,477.4
256,CUST0068,PROD0899,STORE053,231.76
257,CUST0444,PROD0591,STORE010,257.57
258,CUST0962,PROD0704,STORE044,67.66
259,CUST0876,PROD0695,STORE080,130.66
260,CUST0101,PROD0850,STORE028,177.79
261,CUST0779,PROD0341,STORE006,328.39
262,CUST0958,PROD0736,STORE031,391.42
263,CUST0212,PROD0422,STORE098,334.48
264,CUST0703,PROD0796,STORE056,440.76
265,CUST0838,PROD0678,STORE053,212.21
266,CUST0835,PROD0163,STORE087,232.0
267,CUST0934,PROD0738,STORE001,113.93
268,CUST0170,PROD0608,STORE053,242.76
269,CUST0688,PROD0080,STORE043,188.45
270,CUST0608,PROD0361,STORE064,127.85
271,CUST0057,PROD0959,STORE017,259.31
272,CUST0797,PROD0281,STORE046,460.62
273,CUST0112,PROD0817,STORE067,223.05
274,CUST0612,PROD0950,STORE045,311.54
275,CUST0249,PROD0353,STORE029,192.84
276,CUST0211,PROD0204,STORE035,139.88
277,CUST0497,PROD0821,STORE074,353.44
278,CUST0416,PROD0797,STORE069,249.55
279,CUST0406,PROD0880,STORE025,18.54
280,CUST0422,PROD0974,STORE045,78.9
281,CUST0752,PROD0361,STORE048,222.88
282,CUST0757,PROD0527,STORE072,219.83
283,CUST0374,PROD0793,STORE031,350.84
284,CUST0257,PROD0390,STORE094,252.02
285,CUST0395,PROD0074,STORE086,278.91
286,CUST0310,PROD0473,STORE047,315.59
287,CUST0137,PROD0374,STORE066,250.91
288,CUST0695,PROD0375,STORE049,321.97
289,CUST0126,PROD0666,STORE084,238.15
290,CUST0074,PROD0648,STORE082,414.63
291,CUST0346,PROD0320,STORE088,204.25
292,CUST0238,PROD0683,STORE033,243.75
293,CUST0423,PROD0149,STORE020,490.12
294,CUST0571,PROD0578,STORE082,411.73
295,CUST0639,PROD0082,STORE007,223.41
296,CUST0826,PROD0334,STORE041,418.67
297,CUST0668,PROD0812,STORE046,228.42
298,CUST0783,PROD0267,STORE017,361.21
299,CUST0104,PROD0394,STORE089,162.98
300,CUST0836,PROD0768,STORE039,291.66
301,CUST0430,PROD0523,STORE020,184.99
302,CUST0823,PROD0553,STORE043,120.63
303,CUST0180,PROD0392,STORE029,35.43
304,CUST0949,PROD0004,STORE084,257.82
305,CUST0924,PROD0505,STORE047,407.15
306,CUST0547,PROD0741,STORE079,130.16
307,CUST0631,PROD0811,STORE045,68.41
308,CUST0037,PROD0693,STORE096,199.17
309,CUST0147,PROD0330,STORE049,282.43
310,CUST0676,PROD0434,STORE014,86.84
311,CUST0354,PROD0310,STORE060,391.68
312,CUST0699,PROD0729,STORE024,292.15
313,CUST0828,PROD0195,STORE057,467.69
314,CUST0814,PROD0905,STORE025,305.95
315,CUST0881,PROD0682,STORE061,25.48
316,CUST0502,PROD0072,STORE016,25.89
317,CUST0252,PROD0852,STORE054,228.9
318,CUST0018,PROD0525,STORE077,427.31
319,CUST0048,PROD0407,STORE072,373.22
320,CUST0648,PROD0898,STORE038,456.3
321,CUST0360,PROD0455,STORE060,94.82
322,CUST0669,PROD0524,STORE083,12.14
323,CUST0445,PROD0194,STORE083,319.27
324,CUST0559,PROD0253,STORE047,229.06
325,CUST0503,PROD0054,STORE049,102.82
326,CUST0695,PROD0923,STORE079,104.89
327,CUST0435,PROD0919,STORE091,225.1
328,CUST0658,PROD0644,STORE008,368.22
329,CUST0696,PROD0910,STORE020,318.35
330,CUST0286,PROD0465,STORE046,78.94
331,CUST0166,PROD0806,STORE045,433.78
332,CUST0345,PROD0792,STORE076,54.68
333,CUST0359,PROD0207,STORE076,162.93
334,CUST0461,PROD0125,STORE016,185.35
335,CUST0358,PROD0273,STORE010,160.48
336,CUST0563,PROD0419,STORE061,346.23
337,CUST0703,PROD0431,STORE063,460.04
338,CUST0025,PROD0490,STORE001,29.95
339,CUST0100,PROD0218,STORE031,246.43
340,CUST0207,PROD0721,STORE023,261.15
341,CUST0366,PROD0056,STORE096,393.42
342,CUST0614,PROD0928,STORE009,494.25
343,CUST0735,PROD0576,STORE049,397.71
344,CUST0698,PROD0009,STORE067,118.99
345,CUST0954,PROD0039,STORE023,23.95
346,CUST0737,PROD0638,STORE049,329.02
347,CUST0291,PROD0343,STORE012,152.73
348,CUST0181,PROD0169,STORE019,430.4
349,CUST0737,PROD0058,STORE002,473.16
350,CUST0249,PROD0279,STORE063,252.04
351,CUST0785,PROD0163,STORE008,11.31
352,CUST0518,PROD0207,STORE074,212.21
353,CUST0138,PROD0585,STORE067,140.47
354,CUST0952,PROD0778,STORE055,274.59
355,CUST0221,PROD0019,STORE049,28.68
356,CUST0812,PROD0437,STORE015,81.72
357,CUST0547,PROD0600,STORE074,367.6
358,CUST0902,PROD0909,STORE067,134.74
359,CUST0697,PROD0706,STORE006,197.49
360,CUST0955,PROD0237,STORE085,377.2
361,CUST0994,PROD0574,STORE063,12.32
362,CUST0067,PROD0699,STORE045,319.44
363,CUST0358,PROD0833,STORE013,409.98
364,CUST0984,PROD0495,STORE060,88.34
365,CUST0799,PROD0016,STORE041,44.47
366,CUST0999,PROD0857,STORE016,74.92
367,CUST0841,PROD0114,STORE089,301.81
368,CUST0022,PROD0810,STORE030,13.4
369,CUST0941,PROD0941,STORE030,264.87
370,CUST0374,PROD0645,STORE033,99.83
371,CUST0399,PROD0725,STORE011,262.61
372,CUST0767,PROD0468,STORE024,373.27
373,CUST0881,PROD0648,STORE084,225.94
374,CUST0799,PROD0716,STORE040,442.74
375,CUST0347,PROD0207,STORE028,78.48
376,CUST0678,PROD0318,STORE022,427.41
377,CUST0621,PROD0857,STORE012,305.11
378,CUST0402,PROD0608,STORE016,92.26
379,CUST0742,PROD0526,STORE012,30.56
380,CUST0867,PROD0668,STORE044,466.74
381,CUST0286,PROD0588,STORE057,431.21
382,CUST0374,PROD0937,STORE064,106.39
383,CUST0958,PROD0366,STORE020,245.67
384,CUST0884,PROD0335,STORE081,38.51
385,CUST0650,PROD0609,STORE016,87.0
386,CUST0086,PROD0235,STORE007,387.78
387,CUST0706,PROD0089,STORE040,395.13
388,CUST0806,PROD0609,STORE081,22.86
389,CUST0150,PROD0871,STORE075,345.01
390,CUST0568,PROD0878,STORE071,223.92
391,CUST0689,PROD0317,STORE024,448.64
392,CUST0577,PROD0739,STORE084,370.94
393,CUST0917,PROD0507,STORE015,305.01
394,CUST0102,PROD0148,STORE017,232.72
395,CUST0481,PROD0744,STORE005,456.13
396,CUST0431,PROD0759,STORE015,430.46
397,CUST0913,PROD0880,STORE025,226.87
398,CUST0302,PROD0590,STORE040,410.87
399,CUST0851,PROD0463,STORE057,13.29
400,CUST0796,PROD0070,STORE035,34.96
401,CUST0106,PROD0397,STORE046,252.48
402,CUST0500,PROD0142,STORE043,288.84
403,CUST0326,PROD0324,STORE034,137.42
404,CUST0738,PROD0187,STORE077,18.6
405,CUST0101,PROD0814,STORE039,127.09
406,CUST0045,PROD0525,STORE003,212.64
407,CUST0488,PROD0787,STORE051,15.96
408,CUST0108,PROD0972,STORE061,118.25
409,CUST0436,PROD0270,STORE038,461.92
410,CUST0907,PROD0130,STORE014,14.44
411,CUST0448,PROD0162,STORE090,137.78
412,CUST0069,PROD0866,STORE066,34.92
413,CUST0114,PROD0236,STORE006,431.03
414,CUST0593,PROD0313,STORE088,85.34
415,CUST0042,PROD0684,STORE100,167.79
416,CUST0582,PROD0706,STORE046,14.5
417,CUST0138,PROD0410,STORE068,107.32
418,CUST0396,PROD0326,STORE018,352.52
419,CUST0095,PROD0757,STORE023,44.4
420,CUST0683,PROD0703,STORE086,68.08
421,CUST0598,PROD0006,STORE001,74.66
422,CUST0115,PROD0395,STORE036,167.45
423,CUST0948,PROD0070,STORE087,408.25
424,CUST0001,PROD0139,STORE058,452.1
425,CUST0557,PROD0726,STORE050,390.1
426,CUST0100,PROD0217,STORE069,445.87
427,CUST0637,PROD0289,STORE089,81.48
428,CUST0628,PROD0119,STORE072,78.43
429,CUST0434,PROD0312,STORE040,473.15
430,CUST0189,PROD0939,STORE030,303.78
431,CUST0082,PROD0893,STORE019,417.12
432,CUST0800,PROD0705,STORE094,178.07
433,CUST0662,PROD0786,STORE027,269.71
434,CUST0472,PROD0132,STORE048,28.91
435,CUST0346,PROD0767,STORE016,284.59
436,CUST0137,PROD0488,STORE093,22.15
437,CUST0406,PROD0694,STORE099,73.99
438,CUST0921,PROD0962,STORE042,243.71
439,CUST0726,PROD0253,STORE051,114.36
440,CUST0709,PROD0330,STORE018,482.44
441,CUST0071,PROD0377,STORE044,109.42
442,CUST0154,PROD0638,STORE070,389.29
443,CUST0435,PROD0535,STORE014,21.32
444,CUST0150,PROD0193,STORE082,302.99
445,CUST0511,PROD0826,STORE002,311.54
446,CUST0727,PROD0498,STORE015,186.99
447,CUST0099,PROD0680,STORE049,87.3
448,CUST0031,PROD0351,STORE034,284.4
449,CUST0694,PROD0578,STORE093,450.09
450,CUST0963,PROD0661,STORE058,315.45
451,CUST0345,PROD0607,STORE073,310.66
452,CUST0950,PROD0014,STORE067,164.8
453,CUST0579,PROD0220,STORE075,218.4
454,CUST0733,PROD0861,STORE096,149.74
455,CUST0937,PROD0957,STORE073,431.89
456,CUST1000,PROD0267,STORE053,310.07
457,CUST0155,PROD0026,STORE087,179.83
458,CUST0464,PROD0464,STORE010,218.58
459,CUST0381,PROD0025,STORE042,234.62
460,CUST0938,PROD0196,STORE065,298.8
461,CUST0230,PROD0745,STORE088,161.8
462,CUST0609,PROD0971,STORE051,339.67
463,CUST0442,PROD0489,STORE031,424.51
464,CUST0886,PROD0257,STORE010,420.11
465,CUST0527,PROD0050,STORE012,234.13
466,CUST0477,PROD0987,STORE061,21.73
467,CUST0139,PROD0119,STORE053,209.26
468,CUST0660,PROD0311,STORE033,326.98
469,CUST0592,PROD0162,STORE051,433.24
470,CUST0946,PROD0282,STORE029,74.23
471,CUST0694,PROD0012,STORE071,278.14
472,CUST0255,PROD0990,STORE096,457.6
473,CUST0969,PROD0029,STORE051,468.96
474,CUST0020,PROD0005,STORE070,298.19
475,CUST0527,PROD0487,STORE049,72.34
476,CUST0924,PROD0909,STORE078,237.57
477,CUST0291,PROD0674,STORE001,489.02
478,CUST0392,PROD0905,STORE073,35.01
479,CUST0436,PROD0932,STORE064,11.96
480,CUST0093,PROD0188,STORE057,67.01
481,CUST0530,PROD0278,STORE081,95.11
482,CUST0807,PROD0250,STORE088,190.68
483,CUST0117,PROD0515,STORE034,292.55
484,CUST0968,PROD0293,STORE069,215.35
485,CUST0760,PROD0160,STORE007,143.15
486,CUST0787,PROD0709,STORE094,162.13
487,CUST0212,PROD0580,STORE080,192.01
488,CUST0455,PROD0749,STORE062,372.7
489,CUST0710,PROD0713,STORE016,151.32
490,CUST0015,PROD0958,STORE018,208.55
491,CUST0563,PROD0012,STORE046,206.87
492,CUST0108,PROD0460,STORE088,274.36
493,CUST0603,PROD0820,STORE083,265.59
494,CUST0622,PROD0507,STORE013,55.96
495,CUST0628,PROD0026,STORE004,306.54
496,CUST0565,PROD0041,STORE073,95.43
497,CUST0031,PROD0789,STORE004,107.23
498,CUST0051,PROD0681,STORE016,412.17
499,CUST0763,PROD0520,STORE047,300.99
500,CUST0741,PROD0613,STORE070,68.32
501,CUST0935,PROD0473,STORE080,172.11
502,CUST0667,PROD0430,STORE063,454.36
503,CUST0916,PROD0134,STORE048,111.26
504,CUST0700,PROD0559,STORE015,340.19
505,CUST0554,PROD0257,STORE076,261.6
506,CUST0170,PROD0333,STORE028,355.92
507,CUST0296,PROD0047,STORE077,306.55
508,CUST0777,PROD0066,STORE006,446.53
509,CUST0581,PROD0855,STORE022,264.18
510,CUST0250,PROD0693,STORE011,69.78
511,CUST0644,PROD0469,STORE022,433.6
512,CUST0885,PROD0965,STORE055,295.91
513,CUST0381,PROD0207,STORE007,122.48
514,CUST0658,PROD0306,STORE018,498.42
515,CUST0810,PROD0342,STORE030,313.66
516,CUST0951,PROD0910,STORE070,430.05
517,CUST0982,PROD0112,STORE017,423.33
518,CUST0725,PROD0950,STORE024,451.16
519,CUST0503,PROD0197,STORE046,238.9
520,CUST0428,PROD0903,STORE086,48.36
521,CUST0423,PROD0977,STORE046,237.02
522,CUST0206,PROD0144,STORE070,94.17
523,CUST0232,PROD0581,STORE069,57.16
524,CUST0745,PROD0329,STORE099,353.72
525,CUST0512,PROD0325,STORE004,142.73
526,CUST0866,PROD0659,STORE054,483.63
527,CUST0511,PROD0745,STORE091,494.52
528,CUST0602,PROD0326,STORE046,468.2
529,CUST0775,PROD0404,STORE052,398.37
530,CUST0212,PROD0759,STORE025,454.53
531,CUST0769,PROD0772,STORE062,473.05
532,CUST0605,PROD0783,STORE030,340.64
533,CUST0167,PROD0489,STORE041,127.57
534,CUST0894,PROD0374,STORE040,276.45
535,CUST0501,PROD0120,STORE023,58.3
536,CUST0333,PROD0462,STORE031,199.49
537,CUST0107,PROD0324,STORE057,446.18
538,CUST0603,PROD0259,STORE018,266.6
539,CUST0268,PROD0649,STORE052,404.47
540,CUST0555,PROD0046,STORE078,269.25
541,CUST0254,PROD0150,STORE022,417.81
542,CUST0773,PROD0837,STORE070,183.95
543,CUST0880,PROD0767,STORE066,451.25
544,CUST0025,PROD0329,STORE052,193.35
545,CUST0309,PROD0950,STORE053,356.93
546,CUST0428,PROD0024,STORE083,354.78
547,CUST0990,PROD0459,STORE066,458.07
548,CUST0186,PROD0298,STORE022,156.62
549,CUST0227,PROD0829,STORE085,154.16
550,CUST0357,PROD0071,STORE013,51.26
551,CUST0547,PROD0251,STORE002,70.36
552,CUST0316,PROD0513,STORE026,321.59
553,CUST0831,PROD0677,STORE051,191.79
554,CUST0615,PROD0705,STORE009,354.05
555,CUST0306,PROD0782,STORE007,496.87
556,CUST0748,PROD0117,STORE040,415.65
557,CUST0699,PROD0830,STORE030,223.8
558,CUST0830,PROD0563,STORE053,379.11
559,CUST0433,PROD0718,STORE005,404.75
560,CUST0970,PROD0431,STORE009,126.41
561,CUST0343,PROD0382,STORE002,442.13
562,CUST0589,PROD0439,STORE018,387.06
563,CUST0086,PROD0647,STORE014,75.78
564,CUST0002,PROD0054,STORE042,467.61
565,CUST0129,PROD0287,STORE097,297.43
566,CUST0510,PROD0109,STORE088,395.63
567,CUST0663,PROD0949,STORE082,95.27
568,CUST0483,PROD0613,STORE044,206.29
569,CUST0759,PROD0107,STORE063,488.82
570,CUST0759,PROD0629,STORE033,243.91
571,CUST0032,PROD0713,STORE054,128.38
572,CUST0216,PROD0360,STORE056,133.91
573,CUST0220,PROD0153,STORE070,382.65
574,CUST0233,PROD0120,STORE086,345.33
575,CUST0970,PROD0882,STORE042,460.26
576,CUST0653,PROD0822,STORE041,107.39
577,CUST0473,PROD0889,STORE083,327.5
578,CUST0834,PROD0696,STORE013,130.74
579,CUST0958,PROD0576,STORE082,197.71
580,CUST0620,PROD0152,STORE031,176.73
581,CUST0826,PROD0699,STORE034,480.65
582,CUST0406,PROD0328,STORE094,425.17
583,CUST0810,PROD0575,STORE039,440.81
584,CUST0156,PROD0311,STORE047,280.61
585,CUST0106,PROD0030,STORE098,134.53
586,CUST0083,PROD0615,STORE018,113.64
587,CUST0857,PROD0665,STORE031,156.86
588,CUST0272,PROD0849,STORE080,379.82
589,CUST0317,PROD0183,STORE057,437.95
590,CUST0655,PROD0057,STORE098,460.7
591,CUST0029,PROD0853,STORE054,190.89
592,CUST0571,PROD0990,STORE060,307.66
593,CUST0544,PROD0920,STORE045,401.71
594,CUST0133,PROD0043,STORE068,48.17
595,CUST0060,PROD0807,STORE073,75.19
596,CUST0685,PROD0618,STORE099,108.85
597,CUST0982,PROD0604,STORE034,104.97
598,CUST0884,PROD0530,STORE009,124.9
599,CUST0053,PROD0921,STORE052,141.38
600,CUST0770,PROD0326,STORE043,349.76
601,CUST0740,PROD0938,STORE079,183.93
602,CUST0030,PROD0069,STORE012,38.58
603,CUST0634,PROD0454,STORE075,320.88
604,CUST0166,PROD0624,STORE011,484.67
605,CUST0788,PROD0491,STORE030,86.97
606,CUST0534,PROD0719,STORE004,148.2
607,CUST0676,PROD0326,STORE094,70.55
608,CUST0505,PROD0021,STORE099,64.11
609,CUST0247,PROD0176,STORE058,486.86
610,CUST0828,PROD0072,STORE081,88.89
611,CUST0031,PROD0268,STORE063,373.59
612,CUST0370,PROD0851,STORE082,312.94
613,CUST0417,PROD0441,STORE018,320.56
614,CUST0173,PROD0600,STORE100,232.28
615,CUST0999,PROD0645,STORE003,91.03
616,CUST0706,PROD0443,STORE022,328.79
617,CUST0303,PROD0426,STORE065,380.11
618,CUST0836,PROD0887,STORE096,335.14
619,CUST0067,PROD0067,STORE029,108.0
620,CUST0953,PROD0464,STORE033,268.59
621,CUST0551,PROD0189,STORE084,474.68
622,CUST0219,PROD0234,STORE091,228.13
623,CUST0369,PROD0678,STORE023,234.36
624,CUST0270,PROD0904,STORE012,220.19
625,CUST0721,PROD0421,STORE033,465.78
626,CUST0545,PROD0247,STORE095,485.99
627,CUST0160,PROD0637,STORE072,381.66
628,CUST0069,PROD0225,STORE005,269.19
629,CUST0448,PROD0133,STORE031,118.0
630,CUST0597,PROD0792,STORE053,489.97
631,CUST0323,PROD0597,STORE004,131.88
632,CUST0274,PROD0653,STORE032,199.52
633,CUST0367,PROD0356,STORE089,363.96
634,CUST0019,PROD0937,STORE012,146.16
635,CUST0082,PROD0611,STORE009,205.98
636,CUST0048,PROD0043,STORE007,212.9
637,CUST0737,PROD0276,STORE032,254.73
638,CUST0099,PROD0172,STORE099,130.48
639,CUST0159,PROD0942,STORE033,153.91
640,CUST0215,PROD0594,STORE057,479.32
641,CUST0466,PROD0003,STORE016,109.35
642,CUST0994,PROD0149,STORE074,80.6
643,CUST0944,PROD0575,STORE045,135.47
644,CUST0398,PROD0655,STORE033,297.29
645,CUST0193,PROD0401,STORE006,335.7
646,CUST0549,PROD0767,STORE002,123.71
647,CUST0366,PROD0355,STORE004,292.82
648,CUST0686,PROD0869,STORE094,119.28
649,CUST0808,PROD0400,STORE074,78.18
650,CUST0011,PROD0676,STORE085,13.94
651,CUST0790,PROD0949,STORE075,135.91
652,CUST0060,PROD0949,STORE028,229.03
653,CUST0769,PROD0806,STORE055,198.09
654,CUST0138,PROD0742,STORE034,69.9
655,CUST0199,PROD0243,STORE065,283.23
656,CUST0544,PROD0708,STORE075,405.01
657,CUST0189,PROD0113,STORE021,171.96
658,CUST0038,PROD0778,STORE100,401.95
659,CUST0997,PROD0952,STORE094,366.32
660,CUST0357,PROD0967,STORE057,315.19
661,CUST0398,PROD0498,STORE034,248.75
662,CUST0102,PROD0690,STORE034,234.76
663,CUST0931,PROD0929,STORE097,178.59
664,CUST0970,PROD0898,STORE070,326.57
665,CUST0283,PROD0831,STORE025,54.15
666,CUST0727,PROD0998,STORE088,286.52
667,CUST0036,PROD0485,STORE068,265.55
668,CUST0961,PROD0093,STORE014,133.01
669,CUST0043,PROD0604,STORE067,90.42
670,CUST0064,PROD0191,STORE045,258.22
671,CUST0392,PROD0176,STORE095,346.63
672,CUST0859,PROD0953,STORE006,54.11
673,CUST0486,PROD0678,STORE049,459.8
674,CUST0089,PROD0595,STORE062,88.07
675,CUST0481,PROD0187,STORE019,169.41
676,CUST0221,PROD0720,STORE097,381.38
677,CUST0485,PROD0976,STORE070,148.61
678,CUST0951,PROD0907,STORE075,227.34
679,CUST0716,PROD0614,STORE020,225.05
680,CUST0328,PROD0390,STORE094,350.08
681,CUST0600,PROD0302,STORE076,211.36
682,CUST0350,PROD0460,STORE067,438.9
683,CUST0647,PROD0180,STORE062,87.55
684,CUST0490,PROD0926,STORE091,381.95
685,CUST0934,PROD0931,STORE074,249.75
686,CUST0172,PROD0093,STORE069,267.94
687,CUST0575,PROD0299,STORE099,465.63
688,CUST0143,PROD0178,STORE001,77.52
689,CUST0611,PROD0641,STORE040,175.28
690,CUST0881,PROD0675,STORE014,224.41
691,CUST0038,PROD0617,STORE030,291.96
692,CUST0231,PROD0349,STORE034,66.05
693,CUST0806,PROD0616,STORE072,338.96
694,CUST0748,PROD0244,STORE039,383.25
695,CUST0881,PROD0586,STORE014,295.57
696,CUST0465,PROD0346,STORE080,95.45
697,CUST0983,PROD0124,STORE080,189.13
698,CUST0752,PROD0117,STORE023,388.85
699,CUST0742,PROD0422,STORE018,367.4
700,CUST0483,PROD0618,STORE025,202.19
701,CUST0889,PROD0496,STORE027,179.07
702,CUST0469,PROD0212,STORE063,97.54
703,CUST0907,PROD0504,STORE063,258.72
704,CUST0913,PROD0393,STORE018,433.02
705,CUST0767,PROD0904,STORE089,230.36
706,CUST0987,PROD0071,STORE022,115.34
707,CUST0356,PROD0791,STORE089,364.1
708,CUST0339,PROD0224,STORE092,397.96
709,CUST0426,PROD0412,STORE071,210.18
710,CUST0453,PROD0544,STORE061,265.56
711,CUST0096,PROD0861,STORE019,98.47
712,CUST0433,PROD0031,STORE039,80.05
713,CUST0956,PROD0329,STORE064,459.12
714,CUST0648,PROD0870,STORE048,152.81
715,CUST0920,PROD0396,STORE022,260.93
716,CUST0098,PROD0910,STORE093,408.01
717,CUST0078,PROD0677,STORE062,147.62
718,CUST0235,PROD0089,STORE004,435.85
719,CUST0315,PROD0521,STORE002,230.32
720,CUST0020,PROD0587,STORE001,418.38
721,CUST0695,PROD0885,STORE032,305.26
722,CUST0730,PROD0212,STORE028,432.64
723,CUST0248,PROD0997,STORE001,362.91
724,CUST0107,PROD0030,STORE031,221.5
725,CUST0982,PROD0936,STORE076,85.45
726,CUST0662,PROD0385,STORE078,266.84
727,CUST0546,PROD0907,STORE068,14.78
728,CUST0792,PROD0086,STORE001,274.93
729,CUST0469,PROD0274,STORE010,128.44
730,CUST0458,PROD0304,STORE047,267.39
731,CUST0988,PROD0021,STORE016,371.15
732,CUST0705,PROD0445,STORE035,204.71
733,CUST0946,PROD0209,STORE068,426.36
734,CUST0370,PROD0854,STORE091,40.84
735,CUST0404,PROD0874,STORE079,372.61
736,CUST0904,PROD0086,STORE066,166.49
737,CUST0067,PROD0374,STORE059,74.88
738,CUST0613,PROD0974,STORE093,213.13
739,CUST0462,PROD0145,STORE027,275.51
740,CUST0985,PROD0666,STORE093,380.78
741,CUST0003,PROD0192,STORE056,22.43
742,CUST0591,PROD0109,STORE063,218.5
743,CUST0819,PROD0732,STORE100,107.89
744,CUST0798,PROD0695,STORE068,162.84
745,CUST0969,PROD0788,STORE038,43.59
746,CUST0594,PROD0054,STORE023,212.96
747,CUST0189,PROD0134,STORE041,47.27
748,CUST0160,PROD0396,STORE020,19.59
749,CUST0272,PROD0825,STORE033,491.53
750,CUST0435,PROD0129,STORE016,403.4
751,CUST0203,PROD0794,STORE053,159.22
752,CUST0200,PROD0213,STORE095,429.62
753,CUST0169,PROD0012,STORE053,410.01
754,CUST0100,PROD0959,STORE012,143.73
755,CUST0724,PROD0664,STORE057,252.71
756,CUST0810,PROD0354,STORE028,38.19
757,CUST0977,PROD0949,STORE040,132.1
758,CUST0627,PROD0487,STORE040,390.97
759,CUST0202,PROD0884,STORE002,59.6
760,CUST0594,PROD0060,STORE021,107.78
761,CUST0510,PROD0055,STORE012,293.87
762,CUST0682,PROD0532,STORE070,252.67
763,CUST0579,PROD0281,STORE009,215.28
764,CUST0430,PROD0687,STORE029,396.95
765,CUST0184,PROD0341,STORE006,474.01
766,CUST0657,PROD0026,STORE093,136.82
767,CUST0882,PROD0373,STORE080,356.36
768,CUST0626,PROD0855,STORE048,387.98
769,CUST0683,PROD0913,STORE027,186.58
770,CUST0527,PROD0336,STORE051,326.73
771,CUST0500,PROD0827,STORE064,190.01
772,CUST0755,PROD0152,STORE081,320.12
773,CUST0601,PROD0976,STORE092,162.87
774,CUST0785,PROD0631,STORE048,479.19
775,CUST0340,PROD0849,STORE080,238.18
776,CUST0915,PROD0572,STORE033,79.9
777,CUST0077,PROD0731,STORE039,86.04
778,CUST0426,PROD0928,STORE015,83.48
779,CUST0269,PROD0763,STORE036,62.6
780,CUST0982,PROD0330,STORE069,261.76
781,CUST0102,PROD0705,STORE066,313.51
782,CUST0757,PROD0638,STORE021,142.33
783,CUST0615,PROD0109,STORE041,21.6
784,CUST0138,PROD0002,STORE013,361.43
785,CUST0034,PROD0523,STORE075,389.62
786,CUST0474,PROD0680,STORE015,98.29
787,CUST0810,PROD0463,STORE068,391.79
788,CUST0853,PROD0687,STORE054,401.1
789,CUST0339,PROD0748,STORE040,195.06
790,CUST0980,PROD0813,STORE082,333.01
791,CUST0067,PROD0622,STORE002,52.18
792,CUST0513,PROD0496,STORE020,200.1
793,CUST0576,PROD0261,STORE089,99.24
794,CUST0450,PROD0873,STORE051,227.24
795,CUST0716,PROD0759,STORE078,403.71
796,CUST0931,PROD0915,STORE085,265.94
797,CUST0413,PROD0324,STORE006,464.15
798,CUST0227,PROD0976,STORE032,231.1
799,CUST0116,PROD0841,STORE096,467.69
800,CUST0811,PROD0335,STORE067,477.71
801,CUST0959,PROD0972,STORE051,317.02
802,CUST0722,PROD0610,STORE064,496.31
803,CUST0915,PROD0130,STORE043,255.36
804,CUST0470,PROD0618,STORE027,231.57
805,CUST0297,PROD0766,STORE065,370.63
806,CUST0249,PROD0338,STORE060,325.27
807,CUST0693,PROD0130,STORE090,474.55
808,CUST0912,PROD0499,STORE085,428.38
809,CUST0784,PROD0187,STORE068,41.91
810,CUST0085,PROD0926,STORE093,130.15
811,CUST0143,PROD0214,STORE026,41.34
812,CUST0988,PROD0924,STORE086,485.42
813,CUST0480,PROD0007,STORE098,142.31
814,CUST0097,PROD0146,STORE020,426.5
815,CUST0132,PROD0029,STORE036,127.82
816,CUST0576,PROD0274,STORE019,272.27
817,CUST0208,PROD0331,STORE015,239.64
818,CUST0738,PROD0631,STORE040,83.83
819,CUST0778,PROD0829,STORE032,273.27
820,CUST0851,PROD0704,STORE085,14.07
821,CUST0967,PROD0070,STORE065,437.01
822,CUST0919,PROD0445,STORE010,40.92
823,CUST0937,PROD0457,STORE043,263.85
824,CUST0440,PROD0703,STORE033,258.52
825,CUST0884,PROD0552,STORE008,179.95
826,CUST0675,PROD0042,STORE010,163.93
827,CUST0693,PROD0557,STORE014,65.7
828,CUST0399,PROD0605,STORE061,190.07
829,CUST0797,PROD0274,STORE020,458.24
830,CUST0198,PROD0329,STORE002,362.42
831,CUST0750,PROD0074,STORE082,205.44
832,CUST0760,PROD0361,STORE054,456.81
833,CUST0295,PROD0666,STORE015,231.69
834,CUST0232,PROD0833,STORE091,48.23
835,CUST0872,PROD0345,STORE032,246.67
836,CUST0454,PROD0446,STORE073,385.21
837,CUST0996,PROD0884,STORE046,390.26
838,CUST0990,PROD0184,STORE035,12.26
839,CUST0916,PROD0692,STORE083,392.26
840,CUST0707,PROD0074,STORE087,363.27
841,CUST0729,PROD0805,STORE072,341.02
842,CUST0167,PROD0240,STORE048,222.25
843,CUST0731,PROD0915,STORE066,446.9
844,CUST0411,PROD0438,STORE091,315.0
845,CUST0369,PROD0173,STORE047,56.38
846,CUST0226,PROD0446,STORE073,240.79
847,CUST0496,PROD0743,STORE044,231.95
848,CUST0945,PROD0163,STORE003,150.46
849,CUST0284,PROD0187,STORE085,66.97
850,CUST0682,PROD0797,STORE046,265.3
851,CUST0704,PROD0742,STORE077,192.04
852,CUST0501,PROD0888,STORE010,422.71
853,CUST0222,PROD0780,STORE023,349.32
854,CUST0111,PROD0791,STORE076,120.39
855,CUST0316,PROD0985,STORE047,353.27
856,CUST0475,PROD0009,STORE006,128.64
857,CUST0449,PROD0740,STORE055,487.86
858,CUST0084,PROD0061,STORE044,185.4
859,CUST0690,PROD0146,STORE011,112.64
860,CUST0306,PROD0848,STORE035,212.01
861,CUST0574,PROD0709,STORE013,16.25
862,CUST0514,PROD0696,STORE016,286.86
863,CUST0684,PROD0867,STORE067,83.18
864,CUST0576,PROD0625,STORE062,198.47
865,CUST0158,PROD0014,STORE092,54.49
866,CUST0707,PROD0506,STORE012,189.64
867,CUST0356,PROD0969,STORE034,331.6
868,CUST0122,PROD0041,STORE020,441.23
869,CUST0163,PROD0300,STORE025,149.46
870,CUST0269,PROD0846,STORE015,358.57
871,CUST0196,PROD0517,STORE073,412.96
872,CUST0192,PROD0756,STORE100,398.62
873,CUST0940,PROD0295,STORE015,189.01
874,CUST0281,PROD0184,STORE051,30.18
875,CUST0018,PROD0154,STORE097,325.46
876,CUST0922,PROD0798,STORE036,389.16
877,CUST0363,PROD0220,STORE093,57.93
878,CUST0486,PROD0819,STORE030,307.19
879,CUST0285,PROD0267,STORE007,81.53
880,CUST0907,PROD0357,STORE097,318.5
881,CUST0557,PROD0475,STORE099,69.36
882,CUST0234,PROD0138,STORE082,198.39
883,CUST0570,PROD0355,STORE059,233.15
884,CUST0186,PROD0374,STORE053,485.82
885,CUST0735,PROD0704,STORE041,469.77
886,CUST0562,PROD0822,STORE042,178.28
887,CUST0162,PROD0759,STORE024,74.36
888,CUST0639,PROD0521,STORE100,57.22
889,CUST0043,PROD0400,STORE041,235.78
890,CUST0071,PROD0488,STORE086,174.83
891,CUST0463,PROD0155,STORE097,58.65
892,CUST0015,PROD0730,STORE061,499.57
893,CUST0562,PROD0575,STORE015,396.33
894,CUST0342,PROD0362,STORE096,218.13
895,CUST0685,PROD0394,STORE086,88.78
896,CUST0753,PROD0651,STORE073,330.61
897,CUST0409,PROD0129,STORE029,399.99
898,CUST0249,PROD0732,STORE098,28.11
899,CUST0989,PROD0490,STORE081,151.57
900,CUST0214,PROD0084,STORE018,177.18
901,CUST0549,PROD0886,STORE055,104.28
902,CUST0337,PROD0839,STORE011,267.79
903,CUST0929,PROD0481,STORE052,340.93
904,CUST0245,PROD0528,STORE075,44.75
905,CUST0593,PROD0035,STORE004,264.47
906,CUST0912,PROD0957,STORE002,261.79
907,CUST0177,PROD0337,STORE021,83.18
908,CUST0911,PROD0677,STORE071,83.08
909,CUST0515,PROD0198,STORE003,271.53
910,CUST0911,PROD0921,STORE062,395.8
911,CUST0805,PROD0038,STORE091,163.13
912,CUST0884,PROD0251,STORE068,87.7
913,CUST0840,PROD0968,STORE091,10.55
914,CUST0202,PROD0252,STORE046,149.93
915,CUST0119,PROD0308,STORE052,80.78
916,CUST0379,PROD0803,STORE011,294.8
917,CUST0720,PROD0196,STORE070,499.68
918,CUST0276,PROD0916,STORE009,143.39
919,CUST0798,PROD0976,STORE022,83.18
920,CUST0789,PROD0453,STORE095,68.91
921,CUST0976,PROD0802,STORE006,25.07
922,CUST0086,PROD0553,STORE064,422.37
923,CUST0314,PROD0738,STORE071,111.84
924,CUST0397,PROD0935,STORE094,192.75
925,CUST0045,PROD0001,STORE057,345.77
926,CUST0097,PROD0675,STORE046,64.3
927,CUST0330,PROD0324,STORE074,427.97
928,CUST0542,PROD0014,STORE037,271.66
929,CUST0163,PROD0043,STORE023,456.5
930,CUST0233,PROD0127,STORE097,478.17
931,CUST0510,PROD0712,STORE034,367.41
932,CUST0291,PROD0844,STORE070,81.81
933,CUST0065,PROD0811,STORE021,37.15
934,CUST0013,PROD0753,STORE009,142.43
935,CUST0277,PROD0487,STORE057,165.2
936,CUST0347,PROD0448,STORE071,119.35
937,CUST0949,PROD0480,STORE093,258.42
938,CUST0242,PROD0137,STORE004,371.47
939,CUST0561,PROD0956,STORE044,264.75
940,CUST0435,PROD0692,STORE004,411.78
941,CUST0599,PROD0996,STORE062,334.38
942,CUST0377,PROD0058,STORE050,424.33
943,CUST0904,PROD0709,STORE095,139.87
944,CUST0463,PROD0265,STORE009,370.6
945,CUST0202,PROD0478,STORE079,184.15
946,CUST0159,PROD0499,STORE021,178.61
947,CUST0272,PROD0416,STORE048,136.17
948,CUST0446,PROD0708,STORE081,357.65
949,CUST0376,PROD0063,STORE040,149.18
950,CUST0461,PROD0133,STORE017,342.99
951,CUST0925,PROD0045,STORE033,283.74
952,CUST0704,PROD0198,STORE025,172.69
953,CUST0994,PROD0529,STORE064,341.68
954,CUST0265,PROD0699,STORE009,384.36
955,CUST0894,PROD0719,STORE055,59.33
956,CUST0494,PROD0857,STORE037,380.83
957,CUST0784,PROD0643,STORE095,29.46
958,CUST0699,PROD0965,STORE027,340.95
959,CUST0662,PROD0621,STORE062,123.64
960,CUST0716,PROD0944,STORE082,330.67
961,CUST0787,PROD0472,STORE092,73.8
962,CUST0470,PROD0384,STORE054,94.31
963,CUST0815,PROD0225,STORE094,84.71
964,CUST0181,PROD0814,STORE012,95.1
965,CUST0462,PROD0676,STORE087,113.39
966,CUST0273,PROD0803,STORE030,299.75
967,CUST0497,PROD0240,STORE046,438.86
968,CUST0598,PROD0626,STORE009,391.06
969,CUST0225,PROD0875,STORE072,357.0
970,CUST0023,PROD0226,STORE040,268.64
971,CUST0122,PROD0742,STORE092,241.97
972,CUST0690,PROD0603,STORE029,439.9
973,CUST0820,PROD0300,STORE010,206.01
974,CUST0557,PROD0352,STORE087,336.17
975,CUST0708,PROD0441,STORE001,95.5
976,CUST0570,PROD0542,STORE023,278.39
977,CUST0780,PROD0602,STORE096,230.01
978,CUST0557,PROD0297,STORE039,240.12
979,CUST0929,PROD0423,STORE023,450.13
980,CUST0524,PROD0530,STORE038,492.51
981,CUST0484,PROD0208,STORE028,62.89
982,CUST0135,PROD0753,STORE086,209.97
983,CUST0058,PROD0910,STORE011,425.39
984,CUST0918,PROD0064,STORE049,140.76
985,CUST0830,PROD0925,STORE004,461.76
986,CUST0921,PROD0501,STORE004,325.03
987,CUST0817,PROD0376,STORE023,74.65
988,CUST0776,PROD0566,STORE088,430.85
989,CUST0738,PROD0126,STORE096,433.22
990,CUST0783,PROD0524,STORE021,356.41
991,CUST0028,PROD0248,STORE056,434.45
992,CUST0377,PROD0648,STORE046,129.55
993,CUST0708,PROD0095,STORE039,55.38
994,CUST0952,PROD0701,STORE058,360.47
995,CUST0331,PROD0769,STORE036,20.08
996,CUST0530,PROD0423,STORE096,121.42
997,CUST0322,PROD0095,STORE056,481.6
998,CUST0996,PROD0104,STORE091,145.93
999,CUST0581,PROD0509,STORE014,248.72
1000,CUST0274,PROD0728,STORE010,205.04
