product_id,product_name,category,price,status
PROD0001,Product_1,Home,446.8,DISCONTINUED
PROD0002,Product_2,Grocery,129.27,ACTIVE
PROD0003,Product_3,Electronics,637.51,ACTIVE
PROD0004,Product_4,Grocery,448.18,DISCONTINUED
PROD0005,Product_5,Clothing,484.36,ACTIVE
PROD0006,Product_6,Clothing,396.47,ACTIVE
PROD0007,Product_7,Electronics,768.56,ACTIVE
PROD0008,Product_8,Electronics,895.98,DISCONTINUED
PROD0009,Product_9,Electronics,866.47,ACTIVE
PROD0010,Product_10,Electronics,195.78,ACTIVE
PROD0011,Product_11,Clothing,323.24,ACTIVE
PROD0012,Product_12,Grocery,351.46,ACTIVE
PROD0013,Product_13,Home,231.89,DISCONTINUED
PROD0014,Product_14,Grocery,240.85,ACTIVE
PROD0015,Product_15,Electronics,936.0,ACTIVE
PROD0016,Product_16,Electronics,21.35,DISCONTINUED
PROD0017,Product_17,Home,729.34,DISCONTINUED
PROD0018,Product_18,Home,643.81,DISCONTINUED
PROD0019,Product_19,Electronics,525.34,DISCONTINUED
PROD0020,Product_20,Clothing,41.5,ACTIVE
PROD0021,Product_21,Clothing,341.42,ACTIVE
PROD0022,Product_22,Grocery,116.11,DISCONTINUED
PROD0023,Product_23,Electronics,561.58,DISCONTINUED
PROD0024,Product_24,Electronics,769.62,DISCONTINUED
PROD0025,Product_25,Grocery,172.91,ACTIVE
PROD0026,Product_26,Electronics,174.97,DISCONTINUED
PROD0027,Product_27,Grocery,115.19,DISCONTINUED
PROD0028,Product_28,Home,880.21,DISCONTINUED
PROD0029,Product_29,Electronics,185.61,DISCONTINUED
PROD0030,Product_30,Grocery,119.8,ACTIVE
PROD0031,Product_31,Home,873.22,DISCONTINUED
PROD0032,Product_32,Grocery,337.18,DISCONTINUED
PROD0033,Product_33,Grocery,864.3,DISCONTINUED
PROD0034,Product_34,Electronics,694.68,DISCONTINUED
PROD0035,Product_35,Grocery,731.38,DISCONTINUED
PROD0036,Product_36,Grocery,732.91,ACTIVE
PROD0037,Product_37,Grocery,829.24,ACTIVE
PROD0038,Product_38,Grocery,264.25,ACTIVE
PROD0039,Product_39,Clothing,549.12,DISCONTINUED
PROD0040,Product_40,Grocery,43.18,DISCONTINUED
PROD0041,Product_41,Clothing,664.56,ACTIVE
PROD0042,Product_42,Clothing,946.08,DISCONTINUED
PROD0043,Product_43,Home,654.19,ACTIVE
PROD0044,Product_44,Electronics,49.96,DISCONTINUED
PROD0045,Product_45,Grocery,793.17,ACTIVE
PROD0046,Product_46,Electronics,793.77,DISCONTINUED
PROD0047,Product_47,Home,204.13,ACTIVE
PROD0048,Product_48,Grocery,930.92,DISCONTINUED
PROD0049,Product_49,Grocery,250.44,DISCONTINUED
PROD0050,Product_50,Electronics,626.97,ACTIVE
PROD0051,Product_51,Clothing,406.19,ACTIVE
PROD0052,Product_52,Home,362.33,DISCONTINUED
PROD0053,Product_53,Home,85.87,DISCONTINUED
PROD0054,Product_54,Electronics,887.23,ACTIVE
PROD0055,Product_55,Home,587.05,ACTIVE
PROD0056,Product_56,Clothing,546.58,ACTIVE
PROD0057,Product_57,Grocery,711.54,DISCONTINUED
PROD0058,Product_58,Clothing,574.1,DISCONTINUED
PROD0059,Product_59,Clothing,814.48,ACTIVE
PROD0060,Product_60,Electronics,539.83,ACTIVE
PROD0061,Product_61,Grocery,888.39,ACTIVE
PROD0062,Product_62,Grocery,293.33,ACTIVE
PROD0063,Product_63,Clothing,410.53,ACTIVE
PROD0064,Product_64,Grocery,523.07,DISCONTINUED
PROD0065,Product_65,Clothing,469.07,ACTIVE
PROD0066,Product_66,Grocery,290.05,DISCONTINUED
PROD0067,Product_67,Electronics,66.25,DISCONTINUED
PROD0068,Product_68,Clothing,880.27,ACTIVE
PROD0069,Product_69,Grocery,695.82,DISCONTINUED
PROD0070,Product_70,Home,340.65,ACTIVE
PROD0071,Product_71,Home,15.59,DISCONTINUED
PROD0072,Product_72,Clothing,295.89,ACTIVE
PROD0073,Product_73,Home,76.93,DISCONTINUED
PROD0074,Product_74,Clothing,220.57,ACTIVE
PROD0075,Product_75,Grocery,756.82,ACTIVE
PROD0076,Product_76,Home,829.95,ACTIVE
PROD0077,Product_77,Electronics,686.27,DISCONTINUED
PROD0078,Product_78,Clothing,564.71,DISCONTINUED
PROD0079,Product_79,Electronics,933.36,ACTIVE
PROD0080,Product_80,Home,200.29,ACTIVE
PROD0081,Product_81,Clothing,126.87,DISCONTINUED
PROD0082,Product_82,Electronics,495.34,ACTIVE
PROD0083,Product_83,Clothing,640.06,ACTIVE
PROD0084,Product_84,Clothing,593.03,DISCONTINUED
PROD0085,Product_85,Grocery,661.22,ACTIVE
PROD0086,Product_86,Home,154.33,ACTIVE
PROD0087,Product_87,Grocery,750.68,DISCONTINUED
PROD0088,Product_88,Grocery,129.69,ACTIVE
PROD0089,Product_89,Clothing,45.95,ACTIVE
PROD0090,Product_90,Grocery,107.67,DISCONTINUED
PROD0091,Product_91,Grocery,477.95,ACTIVE
PROD0092,Product_92,Grocery,780.23,DISCONTINUED
PROD0093,Product_93,Home,158.9,ACTIVE
PROD0094,Product_94,Electronics,308.95,ACTIVE
PROD0095,Product_95,Grocery,532.66,DISCONTINUED
PROD0096,Product_96,Clothing,84.48,ACTIVE
PROD0097,Product_97,Grocery,387.71,ACTIVE
PROD0098,Product_98,Home,517.59,DISCONTINUED
PROD0099,Product_99,Home,475.05,DISCONTINUED
PROD0100,Product_100,Home,205.93,DISCONTINUED
PROD0101,Product_101,Home,834.37,DISCONTINUED
PROD0102,Product_102,Home,49.28,DISCONTINUED
PROD0103,Product_103,Grocery,722.33,DISCONTINUED
PROD0104,Product_104,Clothing,603.95,ACTIVE
PROD0105,Product_105,Grocery,985.16,ACTIVE
PROD0106,Product_106,Electronics,795.13,DISCONTINUED
PROD0107,Product_107,Clothing,915.15,DISCONTINUED
PROD0108,Product_108,Electronics,584.54,ACTIVE
PROD0109,Product_109,Electronics,866.06,ACTIVE
PROD0110,Product_110,Home,908.13,DISCONTINUED
PROD0111,Product_111,Clothing,260.32,DISCONTINUED
PROD0112,Product_112,Electronics,552.64,ACTIVE
PROD0113,Product_113,Clothing,122.23,DISCONTINUED
PROD0114,Product_114,Home,207.61,ACTIVE
PROD0115,Product_115,Electronics,214.62,DISCONTINUED
PROD0116,Product_116,Clothing,931.75,ACTIVE
PROD0117,Product_117,Home,583.72,DISCONTINUED
PROD0118,Product_118,Grocery,343.41,DISCONTINUED
PROD0119,Product_119,Grocery,299.02,ACTIVE
PROD0120,Product_120,Home,52.8,ACTIVE
PROD0121,Product_121,Clothing,523.24,DISCONTINUED
PROD0122,Product_122,Grocery,756.07,ACTIVE
PROD0123,Product_123,Home,155.29,ACTIVE
PROD0124,Product_124,Home,871.94,ACTIVE
PROD0125,Product_125,Grocery,667.51,ACTIVE
PROD0126,Product_126,Grocery,578.77,DISCONTINUED
PROD0127,Product_127,Electronics,607.13,DISCONTINUED
PROD0128,Product_128,Clothing,503.24,ACTIVE
PROD0129,Product_129,Clothing,693.03,ACTIVE
PROD0130,Product_130,Home,57.66,ACTIVE
PROD0131,Product_131,Grocery,882.04,ACTIVE
PROD0132,Product_132,Electronics,628.34,ACTIVE
PROD0133,Product_133,Clothing,943.39,DISCONTINUED
PROD0134,Product_134,Home,168.93,ACTIVE
PROD0135,Product_135,Home,31.6,ACTIVE
PROD0136,Product_136,Clothing,486.84,ACTIVE
PROD0137,Product_137,Home,124.27,DISCONTINUED
PROD0138,Product_138,Clothing,204.57,DISCONTINUED
PROD0139,Product_139,Clothing,317.7,DISCONTINUED
PROD0140,Product_140,Electronics,492.93,DISCONTINUED
PROD0141,Product_141,Home,766.32,DISCONTINUED
PROD0142,Product_142,Grocery,827.03,ACTIVE
PROD0143,Product_143,Grocery,134.67,ACTIVE
PROD0144,Product_144,Home,655.18,DISCONTINUED
PROD0145,Product_145,Home,37.34,ACTIVE
PROD0146,Product_146,Grocery,618.03,DISCONTINUED
PROD0147,Product_147,Clothing,76.07,ACTIVE
PROD0148,Product_148,Home,810.33,DISCONTINUED
PROD0149,Product_149,Home,915.68,DISCONTINUED
PROD0150,Product_150,Electronics,187.4,DISCONTINUED
PROD0151,Product_151,Electronics,884.5,ACTIVE
PROD0152,Product_152,Home,284.41,DISCONTINUED
PROD0153,Product_153,Grocery,215.92,DISCONTINUED
PROD0154,Product_154,Clothing,997.15,DISCONTINUED
PROD0155,Product_155,Electronics,239.86,ACTIVE
PROD0156,Product_156,Home,247.85,DISCONTINUED
PROD0157,Product_157,Grocery,298.33,DISCONTINUED
PROD0158,Product_158,Electronics,515.19,DISCONTINUED
PROD0159,Product_159,Electronics,414.33,DISCONTINUED
PROD0160,Product_160,Home,447.36,ACTIVE
PROD0161,Product_161,Clothing,549.92,ACTIVE
PROD0162,Product_162,Grocery,210.52,DISCONTINUED
PROD0163,Product_163,Grocery,426.34,ACTIVE
PROD0164,Product_164,Home,101.01,DISCONTINUED
PROD0165,Product_165,Electronics,229.57,DISCONTINUED
PROD0166,Product_166,Electronics,679.92,DISCONTINUED
PROD0167,Product_167,Clothing,451.18,DISCONTINUED
PROD0168,Product_168,Electronics,865.88,DISCONTINUED
PROD0169,Product_169,Clothing,757.39,DISCONTINUED
PROD0170,Product_170,Grocery,980.7,ACTIVE
PROD0171,Product_171,Home,42.84,DISCONTINUED
PROD0172,Product_172,Clothing,344.06,DISCONTINUED
PROD0173,Product_173,Electronics,810.24,DISCONTINUED
PROD0174,Product_174,Clothing,508.01,ACTIVE
PROD0175,Product_175,Home,438.3,ACTIVE
PROD0176,Product_176,Clothing,375.51,DISCONTINUED
PROD0177,Product_177,Electronics,531.97,ACTIVE
PROD0178,Product_178,Grocery,467.81,DISCONTINUED
PROD0179,Product_179,Electronics,686.37,DISCONTINUED
PROD0180,Product_180,Home,930.32,DISCONTINUED
PROD0181,Product_181,Clothing,319.18,DISCONTINUED
PROD0182,Product_182,Home,116.37,DISCONTINUED
PROD0183,Product_183,Clothing,40.36,ACTIVE
PROD0184,Product_184,Electronics,460.55,ACTIVE
PROD0185,Product_185,Home,194.13,DISCONTINUED
PROD0186,Product_186,Home,551.35,DISCONTINUED
PROD0187,Product_187,Electronics,697.48,ACTIVE
PROD0188,Product_188,Electronics,630.82,ACTIVE
PROD0189,Product_189,Grocery,311.03,DISCONTINUED
PROD0190,Product_190,Home,445.17,ACTIVE
PROD0191,Product_191,Home,514.03,DISCONTINUED
PROD0192,Product_192,Home,487.14,ACTIVE
PROD0193,Product_193,Grocery,522.84,ACTIVE
PROD0194,Product_194,Clothing,385.35,ACTIVE
PROD0195,Product_195,Grocery,357.91,ACTIVE
PROD0196,Product_196,Clothing,567.62,DISCONTINUED
PROD0197,Product_197,Clothing,592.67,DISCONTINUED
PROD0198,Product_198,Clothing,362.5,ACTIVE
PROD0199,Product_199,Grocery,624.19,ACTIVE
PROD0200,Product_200,Home,43.93,DISCONTINUED
PROD0201,Product_201,Grocery,73.2,ACTIVE
PROD0202,Product_202,Electronics,911.04,DISCONTINUED
PROD0203,Product_203,Home,542.49,ACTIVE
PROD0204,Product_204,Grocery,549.3,DISCONTINUED
PROD0205,Product_205,Electronics,297.35,ACTIVE
PROD0206,Product_206,Grocery,859.72,ACTIVE
PROD0207,Product_207,Electronics,438.05,DISCONTINUED
PROD0208,Product_208,Electronics,700.2,DISCONTINUED
PROD0209,Product_209,Clothing,319.36,DISCONTINUED
PROD0210,Product_210,Grocery,544.93,DISCONTINUED
PROD0211,Product_211,Clothing,394.9,DISCONTINUED
PROD0212,Product_212,Clothing,863.56,DISCONTINUED
PROD0213,Product_213,Clothing,982.21,ACTIVE
PROD0214,Product_214,Grocery,916.88,DISCONTINUED
PROD0215,Product_215,Clothing,224.06,DISCONTINUED
PROD0216,Product_216,Electronics,876.3,DISCONTINUED
PROD0217,Product_217,Clothing,140.51,ACTIVE
PROD0218,Product_218,Electronics,342.19,ACTIVE
PROD0219,Product_219,Clothing,719.31,ACTIVE
PROD0220,Product_220,Grocery,347.53,ACTIVE
PROD0221,Product_221,Clothing,502.81,ACTIVE
PROD0222,Product_222,Grocery,449.95,DISCONTINUED
PROD0223,Product_223,Electronics,309.14,ACTIVE
PROD0224,Product_224,Grocery,376.24,DISCONTINUED
PROD0225,Product_225,Home,545.34,ACTIVE
PROD0226,Product_226,Home,598.83,ACTIVE
PROD0227,Product_227,Home,369.62,ACTIVE
PROD0228,Product_228,Grocery,499.58,ACTIVE
PROD0229,Product_229,Electronics,158.37,DISCONTINUED
PROD0230,Product_230,Grocery,515.39,DISCONTINUED
PROD0231,Product_231,Clothing,133.34,DISCONTINUED
PROD0232,Product_232,Home,190.36,DISCONTINUED
PROD0233,Product_233,Clothing,570.3,DISCONTINUED
PROD0234,Product_234,Clothing,67.6,DISCONTINUED
PROD0235,Product_235,Home,797.62,ACTIVE
PROD0236,Product_236,Clothing,862.32,DISCONTINUED
PROD0237,Product_237,Grocery,868.09,ACTIVE
PROD0238,Product_238,Electronics,986.49,DISCONTINUED
PROD0239,Product_239,Electronics,936.13,DISCONTINUED
PROD0240,Product_240,Home,815.8,DISCONTINUED
PROD0241,Product_241,Home,340.9,ACTIVE
PROD0242,Product_242,Home,10.89,ACTIVE
PROD0243,Product_243,Clothing,833.73,ACTIVE
PROD0244,Product_244,Grocery,496.6,ACTIVE
PROD0245,Product_245,Electronics,641.54,ACTIVE
PROD0246,Product_246,Electronics,148.1,ACTIVE
PROD0247,Product_247,Grocery,432.2,ACTIVE
PROD0248,Product_248,Home,305.2,ACTIVE
PROD0249,Product_249,Grocery,60.06,ACTIVE
PROD0250,Product_250,Home,736.36,ACTIVE
PROD0251,Product_251,Clothing,322.97,ACTIVE
PROD0252,Product_252,Home,877.03,ACTIVE
PROD0253,Product_253,Electronics,54.21,DISCONTINUED
PROD0254,Product_254,Clothing,611.37,ACTIVE
PROD0255,Product_255,Home,368.7,ACTIVE
PROD0256,Product_256,Clothing,979.29,DISCONTINUED
PROD0257,Product_257,Clothing,933.47,ACTIVE
PROD0258,Product_258,Grocery,690.48,DISCONTINUED
PROD0259,Product_259,Grocery,515.79,ACTIVE
PROD0260,Product_260,Electronics,996.2,ACTIVE
PROD0261,Product_261,Clothing,551.1,ACTIVE
PROD0262,Product_262,Clothing,612.05,ACTIVE
PROD0263,Product_263,Home,334.21,ACTIVE
PROD0264,Product_264,Clothing,233.06,ACTIVE
PROD0265,Product_265,Home,558.41,ACTIVE
PROD0266,Product_266,Clothing,87.3,ACTIVE
PROD0267,Product_267,Clothing,289.63,ACTIVE
PROD0268,Product_268,Electronics,866.95,DISCONTINUED
PROD0269,Product_269,Electronics,702.52,DISCONTINUED
PROD0270,Product_270,Home,137.38,DISCONTINUED
PROD0271,Product_271,Electronics,965.1,DISCONTINUED
PROD0272,Product_272,Grocery,160.28,DISCONTINUED
PROD0273,Product_273,Home,159.77,DISCONTINUED
PROD0274,Product_274,Clothing,194.96,DISCONTINUED
PROD0275,Product_275,Clothing,541.98,ACTIVE
PROD0276,Product_276,Home,684.26,ACTIVE
PROD0277,Product_277,Clothing,533.26,DISCONTINUED
PROD0278,Product_278,Electronics,481.35,ACTIVE
PROD0279,Product_279,Home,727.49,DISCONTINUED
PROD0280,Product_280,Grocery,823.26,ACTIVE
PROD0281,Product_281,Electronics,956.01,ACTIVE
PROD0282,Product_282,Grocery,790.42,ACTIVE
PROD0283,Product_283,Clothing,557.24,ACTIVE
PROD0284,Product_284,Electronics,683.55,DISCONTINUED
PROD0285,Product_285,Electronics,220.65,ACTIVE
PROD0286,Product_286,Electronics,380.79,DISCONTINUED
PROD0287,Product_287,Home,480.25,DISCONTINUED
PROD0288,Product_288,Electronics,889.21,DISCONTINUED
PROD0289,Product_289,Electronics,504.78,DISCONTINUED
PROD0290,Product_290,Grocery,885.75,DISCONTINUED
PROD0291,Product_291,Grocery,444.8,ACTIVE
PROD0292,Product_292,Electronics,952.51,ACTIVE
PROD0293,Product_293,Electronics,959.66,DISCONTINUED
PROD0294,Product_294,Grocery,848.76,ACTIVE
PROD0295,Product_295,Electronics,466.23,DISCONTINUED
PROD0296,Product_296,Home,993.88,DISCONTINUED
PROD0297,Product_297,Clothing,495.48,DISCONTINUED
PROD0298,Product_298,Grocery,635.33,ACTIVE
PROD0299,Product_299,Clothing,946.95,ACTIVE
PROD0300,Product_300,Home,394.26,DISCONTINUED
PROD0301,Product_301,Electronics,682.02,DISCONTINUED
PROD0302,Product_302,Clothing,972.11,DISCONTINUED
PROD0303,Product_303,Clothing,861.56,ACTIVE
PROD0304,Product_304,Clothing,36.62,ACTIVE
PROD0305,Product_305,Home,578.09,DISCONTINUED
PROD0306,Product_306,Clothing,486.45,DISCONTINUED
PROD0307,Product_307,Home,557.9,DISCONTINUED
PROD0308,Product_308,Clothing,530.0,ACTIVE
PROD0309,Product_309,Electronics,923.95,DISCONTINUED
PROD0310,Product_310,Electronics,461.97,DISCONTINUED
PROD0311,Product_311,Electronics,208.37,DISCONTINUED
PROD0312,Product_312,Electronics,882.64,ACTIVE
PROD0313,Product_313,Grocery,882.55,ACTIVE
PROD0314,Product_314,Home,310.15,ACTIVE
PROD0315,Product_315,Clothing,593.79,DISCONTINUED
PROD0316,Product_316,Grocery,892.28,DISCONTINUED
PROD0317,Product_317,Electronics,451.65,DISCONTINUED
PROD0318,Product_318,Electronics,449.25,DISCONTINUED
PROD0319,Product_319,Electronics,757.21,DISCONTINUED
PROD0320,Product_320,Grocery,711.05,ACTIVE
PROD0321,Product_321,Grocery,455.43,DISCONTINUED
PROD0322,Product_322,Clothing,727.68,DISCONTINUED
PROD0323,Product_323,Home,36.62,DISCONTINUED
PROD0324,Product_324,Electronics,154.6,DISCONTINUED
PROD0325,Product_325,Home,854.31,ACTIVE
PROD0326,Product_326,Electronics,246.43,DISCONTINUED
PROD0327,Product_327,Grocery,211.28,DISCONTINUED
PROD0328,Product_328,Clothing,102.63,ACTIVE
PROD0329,Product_329,Clothing,876.16,DISCONTINUED
PROD0330,Product_330,Electronics,40.9,ACTIVE
PROD0331,Product_331,Grocery,630.16,DISCONTINUED
PROD0332,Product_332,Grocery,242.04,ACTIVE
PROD0333,Product_333,Clothing,620.86,ACTIVE
PROD0334,Product_334,Clothing,956.16,DISCONTINUED
PROD0335,Product_335,Clothing,630.32,ACTIVE
PROD0336,Product_336,Clothing,231.48,ACTIVE
PROD0337,Product_337,Clothing,975.49,DISCONTINUED
PROD0338,Product_338,Grocery,738.58,DISCONTINUED
PROD0339,Product_339,Home,467.94,DISCONTINUED
PROD0340,Product_340,Home,236.6,ACTIVE
PROD0341,Product_341,Home,558.39,ACTIVE
PROD0342,Product_342,Home,148.53,ACTIVE
PROD0343,Product_343,Grocery,822.56,DISCONTINUED
PROD0344,Product_344,Home,16.27,DISCONTINUED
PROD0345,Product_345,Clothing,585.14,DISCONTINUED
PROD0346,Product_346,Clothing,28.22,ACTIVE
PROD0347,Product_347,Home,395.64,ACTIVE
PROD0348,Product_348,Clothing,240.96,ACTIVE
PROD0349,Product_349,Home,803.37,DISCONTINUED
PROD0350,Product_350,Home,623.47,ACTIVE
PROD0351,Product_351,Grocery,187.73,DISCONTINUED
PROD0352,Product_352,Electronics,457.35,DISCONTINUED
PROD0353,Product_353,Grocery,236.86,ACTIVE
PROD0354,Product_354,Grocery,803.13,DISCONTINUED
PROD0355,Product_355,Electronics,203.17,ACTIVE
PROD0356,Product_356,Grocery,302.49,ACTIVE
PROD0357,Product_357,Home,215.1,DISCONTINUED
PROD0358,Product_358,Electronics,113.87,DISCONTINUED
PROD0359,Product_359,Electronics,101.05,DISCONTINUED
PROD0360,Product_360,Home,479.67,ACTIVE
PROD0361,Product_361,Electronics,67.59,DISCONTINUED
PROD0362,Product_362,Clothing,372.41,DISCONTINUED
PROD0363,Product_363,Grocery,899.15,ACTIVE
PROD0364,Product_364,Home,372.35,DISCONTINUED
PROD0365,Product_365,Home,172.04,DISCONTINUED
PROD0366,Product_366,Electronics,481.53,ACTIVE
PROD0367,Product_367,Home,332.18,ACTIVE
PROD0368,Product_368,Grocery,536.43,DISCONTINUED
PROD0369,Product_369,Grocery,759.0,ACTIVE
PROD0370,Product_370,Clothing,125.47,DISCONTINUED
PROD0371,Product_371,Clothing,50.81,DISCONTINUED
PROD0372,Product_372,Electronics,542.8,DISCONTINUED
PROD0373,Product_373,Grocery,642.5,ACTIVE
PROD0374,Product_374,Clothing,752.31,DISCONTINUED
PROD0375,Product_375,Home,102.81,DISCONTINUED
PROD0376,Product_376,Clothing,105.78,DISCONTINUED
PROD0377,Product_377,Home,168.26,ACTIVE
PROD0378,Product_378,Electronics,213.52,DISCONTINUED
PROD0379,Product_379,Home,848.39,ACTIVE
PROD0380,Product_380,Grocery,894.28,ACTIVE
PROD0381,Product_381,Grocery,967.16,ACTIVE
PROD0382,Product_382,Electronics,537.3,DISCONTINUED
PROD0383,Product_383,Clothing,898.37,DISCONTINUED
PROD0384,Product_384,Home,11.46,ACTIVE
PROD0385,Product_385,Electronics,36.13,ACTIVE
PROD0386,Product_386,Electronics,920.38,ACTIVE
PROD0387,Product_387,Home,656.37,ACTIVE
PROD0388,Product_388,Electronics,395.71,DISCONTINUED
PROD0389,Product_389,Clothing,486.41,ACTIVE
PROD0390,Product_390,Grocery,475.34,ACTIVE
PROD0391,Product_391,Clothing,73.63,DISCONTINUED
PROD0392,Product_392,Grocery,290.39,ACTIVE
PROD0393,Product_393,Home,437.31,DISCONTINUED
PROD0394,Product_394,Electronics,476.11,ACTIVE
PROD0395,Product_395,Electronics,597.05,ACTIVE
PROD0396,Product_396,Electronics,822.06,ACTIVE
PROD0397,Product_397,Home,363.12,ACTIVE
PROD0398,Product_398,Home,538.5,ACTIVE
PROD0399,Product_399,Electronics,959.86,ACTIVE
PROD0400,Product_400,Home,807.83,DISCONTINUED
PROD0401,Product_401,Electronics,391.97,ACTIVE
PROD0402,Product_402,Clothing,657.54,ACTIVE
PROD0403,Product_403,Clothing,734.74,DISCONTINUED
PROD0404,Product_404,Clothing,910.15,DISCONTINUED
PROD0405,Product_405,Clothing,507.89,ACTIVE
PROD0406,Product_406,Grocery,701.27,ACTIVE
PROD0407,Product_407,Clothing,980.55,ACTIVE
PROD0408,Product_408,Grocery,454.66,ACTIVE
PROD0409,Product_409,Grocery,124.68,DISCONTINUED
PROD0410,Product_410,Clothing,493.79,ACTIVE
PROD0411,Product_411,Clothing,792.06,DISCONTINUED
PROD0412,Product_412,Clothing,752.0,ACTIVE
PROD0413,Product_413,Clothing,294.63,DISCONTINUED
PROD0414,Product_414,Home,855.61,DISCONTINUED
PROD0415,Product_415,Clothing,212.89,DISCONTINUED
PROD0416,Product_416,Clothing,338.47,DISCONTINUED
PROD0417,Product_417,Grocery,194.62,DISCONTINUED
PROD0418,Product_418,Home,853.68,ACTIVE
PROD0419,Product_419,Home,588.12,DISCONTINUED
PROD0420,Product_420,Electronics,211.97,ACTIVE
PROD0421,Product_421,Home,97.2,DISCONTINUED
PROD0422,Product_422,Electronics,218.96,ACTIVE
PROD0423,Product_423,Clothing,916.4,DISCONTINUED
PROD0424,Product_424,Clothing,627.47,ACTIVE
PROD0425,Product_425,Home,825.86,ACTIVE
PROD0426,Product_426,Clothing,672.22,DISCONTINUED
PROD0427,Product_427,Home,68.01,DISCONTINUED
PROD0428,Product_428,Clothing,767.55,ACTIVE
PROD0429,Product_429,Home,785.79,ACTIVE
PROD0430,Product_430,Home,495.27,DISCONTINUED
PROD0431,Product_431,Home,51.47,ACTIVE
PROD0432,Product_432,Home,554.48,DISCONTINUED
PROD0433,Product_433,Clothing,567.59,DISCONTINUED
PROD0434,Product_434,Home,638.8,ACTIVE
PROD0435,Product_435,Home,654.61,ACTIVE
PROD0436,Product_436,Electronics,363.9,DISCONTINUED
PROD0437,Product_437,Clothing,160.63,ACTIVE
PROD0438,Product_438,Grocery,444.72,DISCONTINUED
PROD0439,Product_439,Grocery,325.55,ACTIVE
PROD0440,Product_440,Clothing,970.94,ACTIVE
PROD0441,Product_441,Grocery,558.92,ACTIVE
PROD0442,Product_442,Clothing,337.47,DISCONTINUED
PROD0443,Product_443,Home,343.7,ACTIVE
PROD0444,Product_444,Electronics,463.07,ACTIVE
PROD0445,Product_445,Clothing,241.26,DISCONTINUED
PROD0446,Product_446,Home,726.9,DISCONTINUED
PROD0447,Product_447,Electronics,906.1,DISCONTINUED
PROD0448,Product_448,Electronics,420.1,ACTIVE
PROD0449,Product_449,Electronics,190.06,DISCONTINUED
PROD0450,Product_450,Grocery,790.63,ACTIVE
PROD0451,Product_451,Home,896.85,DISCONTINUED
PROD0452,Product_452,Grocery,233.83,DISCONTINUED
PROD0453,Product_453,Home,168.72,DISCONTINUED
PROD0454,Product_454,Grocery,431.01,DISCONTINUED
PROD0455,Product_455,Electronics,121.58,ACTIVE
PROD0456,Product_456,Clothing,57.94,ACTIVE
PROD0457,Product_457,Grocery,877.87,ACTIVE
PROD0458,Product_458,Grocery,770.14,DISCONTINUED
PROD0459,Product_459,Grocery,621.63,ACTIVE
PROD0460,Product_460,Home,147.26,ACTIVE
PROD0461,Product_461,Grocery,407.18,ACTIVE
PROD0462,Product_462,Electronics,876.9,ACTIVE
PROD0463,Product_463,Clothing,602.03,DISCONTINUED
PROD0464,Product_464,Electronics,706.93,ACTIVE
PROD0465,Product_465,Electronics,194.53,ACTIVE
PROD0466,Product_466,Home,478.38,DISCONTINUED
PROD0467,Product_467,Electronics,121.63,DISCONTINUED
PROD0468,Product_468,Home,511.94,DISCONTINUED
PROD0469,Product_469,Grocery,514.54,ACTIVE
PROD0470,Product_470,Clothing,583.66,ACTIVE
PROD0471,Product_471,Grocery,988.69,DISCONTINUED
PROD0472,Product_472,Electronics,588.02,DISCONTINUED
PROD0473,Product_473,Clothing,764.71,DISCONTINUED
PROD0474,Product_474,Grocery,790.57,ACTIVE
PROD0475,Product_475,Grocery,364.97,DISCONTINUED
PROD0476,Product_476,Electronics,829.31,ACTIVE
PROD0477,Product_477,Grocery,336.93,ACTIVE
PROD0478,Product_478,Home,788.22,DISCONTINUED
PROD0479,Product_479,Home,389.89,DISCONTINUED
PROD0480,Product_480,Clothing,662.49,DISCONTINUED
PROD0481,Product_481,Clothing,312.39,ACTIVE
PROD0482,Product_482,Electronics,51.65,ACTIVE
PROD0483,Product_483,Grocery,147.51,DISCONTINUED
PROD0484,Product_484,Clothing,906.71,DISCONTINUED
PROD0485,Product_485,Electronics,394.69,ACTIVE
PROD0486,Product_486,Clothing,974.1,DISCONTINUED
PROD0487,Product_487,Electronics,512.29,DISCONTINUED
PROD0488,Product_488,Grocery,404.01,DISCONTINUED
PROD0489,Product_489,Grocery,729.73,ACTIVE
PROD0490,Product_490,Clothing,352.78,ACTIVE
PROD0491,Product_491,Grocery,837.29,DISCONTINUED
PROD0492,Product_492,Electronics,977.56,ACTIVE
PROD0493,Product_493,Home,764.12,DISCONTINUED
PROD0494,Product_494,Electronics,682.65,ACTIVE
PROD0495,Product_495,Clothing,518.72,DISCONTINUED
PROD0496,Product_496,Home,489.4,DISCONTINUED
PROD0497,Product_497,Grocery,835.4,DISCONTINUED
PROD0498,Product_498,Clothing,638.33,DISCONTINUED
PROD0499,Product_499,Grocery,397.57,DISCONTINUED
PROD0500,Product_500,Grocery,696.51,ACTIVE
PROD0501,Product_501,Clothing,30.73,ACTIVE
PROD0502,Product_502,Clothing,639.9,DISCONTINUED
PROD0503,Product_503,Home,314.81,ACTIVE
PROD0504,Product_504,Home,118.56,DISCONTINUED
PROD0505,Product_505,Electronics,307.38,ACTIVE
PROD0506,Product_506,Home,936.43,DISCONTINUED
PROD0507,Product_507,Home,725.54,ACTIVE
PROD0508,Product_508,Grocery,376.19,ACTIVE
PROD0509,Product_509,Home,139.0,ACTIVE
PROD0510,Product_510,Clothing,35.66,DISCONTINUED
PROD0511,Product_511,Grocery,581.36,ACTIVE
PROD0512,Product_512,Clothing,237.85,DISCONTINUED
PROD0513,Product_513,Grocery,574.04,ACTIVE
PROD0514,Product_514,Electronics,320.32,ACTIVE
PROD0515,Product_515,Clothing,105.46,ACTIVE
PROD0516,Product_516,Home,753.4,ACTIVE
PROD0517,Product_517,Clothing,729.81,DISCONTINUED
PROD0518,Product_518,Grocery,66.89,DISCONTINUED
PROD0519,Product_519,Home,617.79,DISCONTINUED
PROD0520,Product_520,Grocery,11.98,ACTIVE
PROD0521,Product_521,Clothing,693.08,DISCONTINUED
PROD0522,Product_522,Grocery,921.85,DISCONTINUED
PROD0523,Product_523,Electronics,386.72,DISCONTINUED
PROD0524,Product_524,Clothing,417.26,ACTIVE
PROD0525,Product_525,Home,390.51,DISCONTINUED
PROD0526,Product_526,Home,148.18,DISCONTINUED
PROD0527,Product_527,Grocery,652.04,ACTIVE
PROD0528,Product_528,Home,81.65,ACTIVE
PROD0529,Product_529,Grocery,994.9,ACTIVE
PROD0530,Product_530,Grocery,689.68,DISCONTINUED
PROD0531,Product_531,Grocery,811.23,DISCONTINUED
PROD0532,Product_532,Grocery,123.25,DISCONTINUED
PROD0533,Product_533,Electronics,719.59,ACTIVE
PROD0534,Product_534,Home,351.44,DISCONTINUED
PROD0535,Product_535,Clothing,504.52,ACTIVE
PROD0536,Product_536,Electronics,413.92,DISCONTINUED
PROD0537,Product_537,Grocery,402.75,ACTIVE
PROD0538,Product_538,Grocery,112.2,DISCONTINUED
PROD0539,Product_539,Clothing,406.15,ACTIVE
PROD0540,Product_540,Electronics,509.37,ACTIVE
PROD0541,Product_541,Grocery,424.85,DISCONTINUED
PROD0542,Product_542,Home,617.52,DISCONTINUED
PROD0543,Product_543,Home,214.9,DISCONTINUED
PROD0544,Product_544,Grocery,354.77,ACTIVE
PROD0545,Product_545,Electronics,600.58,ACTIVE
PROD0546,Product_546,Home,644.56,ACTIVE
PROD0547,Product_547,Grocery,395.32,ACTIVE
PROD0548,Product_548,Home,72.98,ACTIVE
PROD0549,Product_549,Grocery,192.37,DISCONTINUED
PROD0550,Product_550,Grocery,481.89,ACTIVE
PROD0551,Product_551,Grocery,613.2,ACTIVE
PROD0552,Product_552,Home,814.2,ACTIVE
PROD0553,Product_553,Home,512.23,DISCONTINUED
PROD0554,Product_554,Grocery,908.85,ACTIVE
PROD0555,Product_555,Clothing,434.75,ACTIVE
PROD0556,Product_556,Grocery,950.14,DISCONTINUED
PROD0557,Product_557,Home,638.48,DISCONTINUED
PROD0558,Product_558,Electronics,625.89,ACTIVE
PROD0559,Product_559,Electronics,388.22,ACTIVE
PROD0560,Product_560,Clothing,958.05,DISCONTINUED
PROD0561,Product_561,Clothing,461.89,DISCONTINUED
PROD0562,Product_562,Electronics,5.53,DISCONTINUED
PROD0563,Product_563,Electronics,991.46,DISCONTINUED
PROD0564,Product_564,Grocery,242.83,ACTIVE
PROD0565,Product_565,Home,588.93,ACTIVE
PROD0566,Product_566,Clothing,231.68,DISCONTINUED
PROD0567,Product_567,Clothing,689.29,ACTIVE
PROD0568,Product_568,Home,119.34,DISCONTINUED
PROD0569,Product_569,Electronics,958.91,DISCONTINUED
PROD0570,Product_570,Home,385.29,DISCONTINUED
PROD0571,Product_571,Clothing,640.63,DISCONTINUED
PROD0572,Product_572,Grocery,879.68,DISCONTINUED
PROD0573,Product_573,Grocery,113.85,ACTIVE
PROD0574,Product_574,Grocery,472.17,DISCONTINUED
PROD0575,Product_575,Home,77.43,DISCONTINUED
PROD0576,Product_576,Electronics,521.93,ACTIVE
PROD0577,Product_577,Home,852.13,DISCONTINUED
PROD0578,Product_578,Clothing,79.79,DISCONTINUED
PROD0579,Product_579,Grocery,165.35,DISCONTINUED
PROD0580,Product_580,Home,920.26,ACTIVE
PROD0581,Product_581,Electronics,685.86,DISCONTINUED
PROD0582,Product_582,Electronics,287.97,ACTIVE
PROD0583,Product_583,Electronics,572.09,ACTIVE
PROD0584,Product_584,Grocery,163.06,ACTIVE
PROD0585,Product_585,Home,602.46,ACTIVE
PROD0586,Product_586,Home,474.38,ACTIVE
PROD0587,Product_587,Home,189.54,ACTIVE
PROD0588,Product_588,Electronics,139.07,ACTIVE
PROD0589,Product_589,Grocery,929.95,ACTIVE
PROD0590,Product_590,Home,779.15,ACTIVE
PROD0591,Product_591,Clothing,967.04,DISCONTINUED
PROD0592,Product_592,Clothing,991.94,ACTIVE
PROD0593,Product_593,Clothing,863.71,DISCONTINUED
PROD0594,Product_594,Electronics,533.96,ACTIVE
PROD0595,Product_595,Home,591.24,DISCONTINUED
PROD0596,Product_596,Electronics,140.47,ACTIVE
PROD0597,Product_597,Clothing,118.4,ACTIVE
PROD0598,Product_598,Grocery,724.25,DISCONTINUED
PROD0599,Product_599,Home,634.71,ACTIVE
PROD0600,Product_600,Electronics,202.65,ACTIVE
PROD0601,Product_601,Grocery,285.77,ACTIVE
PROD0602,Product_602,Electronics,813.5,ACTIVE
PROD0603,Product_603,Home,66.98,DISCONTINUED
PROD0604,Product_604,Grocery,647.76,DISCONTINUED
PROD0605,Product_605,Electronics,636.59,ACTIVE
PROD0606,Product_606,Electronics,771.86,DISCONTINUED
PROD0607,Product_607,Clothing,958.41,ACTIVE
PROD0608,Product_608,Home,415.53,DISCONTINUED
PROD0609,Product_609,Home,380.31,DISCONTINUED
PROD0610,Product_610,Home,137.03,ACTIVE
PROD0611,Product_611,Electronics,697.15,ACTIVE
PROD0612,Product_612,Electronics,146.96,ACTIVE
PROD0613,Product_613,Grocery,951.64,DISCONTINUED
PROD0614,Product_614,Grocery,398.24,DISCONTINUED
PROD0615,Product_615,Home,563.67,DISCONTINUED
PROD0616,Product_616,Electronics,988.71,ACTIVE
PROD0617,Product_617,Home,388.31,ACTIVE
PROD0618,Product_618,Electronics,892.72,DISCONTINUED
PROD0619,Product_619,Electronics,167.71,ACTIVE
PROD0620,Product_620,Grocery,636.37,DISCONTINUED
PROD0621,Product_621,Electronics,822.26,ACTIVE
PROD0622,Product_622,Electronics,315.53,ACTIVE
PROD0623,Product_623,Clothing,655.53,DISCONTINUED
PROD0624,Product_624,Home,20.25,DISCONTINUED
PROD0625,Product_625,Grocery,54.3,ACTIVE
PROD0626,Product_626,Grocery,820.58,DISCONTINUED
PROD0627,Product_627,Clothing,658.37,DISCONTINUED
PROD0628,Product_628,Grocery,436.93,DISCONTINUED
PROD0629,Product_629,Home,674.02,ACTIVE
PROD0630,Product_630,Home,122.24,ACTIVE
PROD0631,Product_631,Electronics,786.14,DISCONTINUED
PROD0632,Product_632,Home,705.79,DISCONTINUED
PROD0633,Product_633,Clothing,719.63,DISCONTINUED
PROD0634,Product_634,Grocery,614.68,ACTIVE
PROD0635,Product_635,Home,110.5,ACTIVE
PROD0636,Product_636,Grocery,655.25,DISCONTINUED
PROD0637,Product_637,Clothing,302.78,ACTIVE
PROD0638,Product_638,Grocery,682.32,ACTIVE
PROD0639,Product_639,Grocery,545.32,DISCONTINUED
PROD0640,Product_640,Electronics,20.18,DISCONTINUED
PROD0641,Product_641,Electronics,279.95,ACTIVE
PROD0642,Product_642,Electronics,540.6,ACTIVE
PROD0643,Product_643,Grocery,273.89,DISCONTINUED
PROD0644,Product_644,Grocery,551.44,ACTIVE
PROD0645,Product_645,Clothing,460.76,ACTIVE
PROD0646,Product_646,Electronics,434.35,ACTIVE
PROD0647,Product_647,Electronics,193.74,ACTIVE
PROD0648,Product_648,Clothing,105.45,DISCONTINUED
PROD0649,Product_649,Grocery,513.94,DISCONTINUED
PROD0650,Product_650,Home,938.83,DISCONTINUED
PROD0651,Product_651,Grocery,448.84,ACTIVE
PROD0652,Product_652,Electronics,132.41,DISCONTINUED
PROD0653,Product_653,Home,264.2,ACTIVE
PROD0654,Product_654,Grocery,148.09,DISCONTINUED
PROD0655,Product_655,Clothing,116.95,DISCONTINUED
PROD0656,Product_656,Grocery,211.48,ACTIVE
PROD0657,Product_657,Home,63.65,ACTIVE
PROD0658,Product_658,Clothing,809.25,DISCONTINUED
PROD0659,Product_659,Electronics,186.77,ACTIVE
PROD0660,Product_660,Home,853.42,DISCONTINUED
PROD0661,Product_661,Grocery,166.46,DISCONTINUED
PROD0662,Product_662,Clothing,981.03,DISCONTINUED
PROD0663,Product_663,Grocery,60.83,DISCONTINUED
PROD0664,Product_664,Grocery,779.98,ACTIVE
PROD0665,Product_665,Electronics,77.78,DISCONTINUED
PROD0666,Product_666,Clothing,884.41,DISCONTINUED
PROD0667,Product_667,Grocery,631.58,ACTIVE
PROD0668,Product_668,Electronics,108.65,DISCONTINUED
PROD0669,Product_669,Home,329.07,ACTIVE
PROD0670,Product_670,Electronics,586.96,DISCONTINUED
PROD0671,Product_671,Home,921.72,ACTIVE
PROD0672,Product_672,Clothing,658.91,DISCONTINUED
PROD0673,Product_673,Grocery,644.73,DISCONTINUED
PROD0674,Product_674,Grocery,597.15,ACTIVE
PROD0675,Product_675,Home,8.73,ACTIVE
PROD0676,Product_676,Grocery,475.76,DISCONTINUED
PROD0677,Product_677,Home,922.16,DISCONTINUED
PROD0678,Product_678,Grocery,59.46,DISCONTINUED
PROD0679,Product_679,Electronics,450.96,ACTIVE
PROD0680,Product_680,Electronics,378.37,DISCONTINUED
PROD0681,Product_681,Grocery,123.43,DISCONTINUED
PROD0682,Product_682,Clothing,374.2,ACTIVE
PROD0683,Product_683,Grocery,62.69,DISCONTINUED
PROD0684,Product_684,Home,198.98,DISCONTINUED
PROD0685,Product_685,Grocery,857.25,DISCONTINUED
PROD0686,Product_686,Home,469.66,ACTIVE
PROD0687,Product_687,Electronics,123.74,ACTIVE
PROD0688,Product_688,Electronics,216.43,DISCONTINUED
PROD0689,Product_689,Home,190.74,DISCONTINUED
PROD0690,Product_690,Clothing,264.46,ACTIVE
PROD0691,Product_691,Home,893.78,DISCONTINUED
PROD0692,Product_692,Clothing,413.27,ACTIVE
PROD0693,Product_693,Electronics,797.56,DISCONTINUED
PROD0694,Product_694,Home,943.12,DISCONTINUED
PROD0695,Product_695,Grocery,371.23,ACTIVE
PROD0696,Product_696,Grocery,279.81,ACTIVE
PROD0697,Product_697,Electronics,472.97,DISCONTINUED
PROD0698,Product_698,Grocery,797.18,ACTIVE
PROD0699,Product_699,Grocery,580.41,ACTIVE
PROD0700,Product_700,Clothing,61.34,DISCONTINUED
PROD0701,Product_701,Grocery,319.52,DISCONTINUED
PROD0702,Product_702,Electronics,977.17,ACTIVE
PROD0703,Product_703,Grocery,75.51,ACTIVE
PROD0704,Product_704,Grocery,619.94,ACTIVE
PROD0705,Product_705,Electronics,359.98,DISCONTINUED
PROD0706,Product_706,Electronics,575.32,DISCONTINUED
PROD0707,Product_707,Clothing,432.15,DISCONTINUED
PROD0708,Product_708,Home,403.63,ACTIVE
PROD0709,Product_709,Grocery,901.02,DISCONTINUED
PROD0710,Product_710,Grocery,284.81,DISCONTINUED
PROD0711,Product_711,Clothing,354.29,DISCONTINUED
PROD0712,Product_712,Grocery,800.68,ACTIVE
PROD0713,Product_713,Home,583.82,ACTIVE
PROD0714,Product_714,Grocery,756.95,DISCONTINUED
PROD0715,Product_715,Home,382.2,ACTIVE
PROD0716,Product_716,Clothing,125.73,DISCONTINUED
PROD0717,Product_717,Electronics,679.66,DISCONTINUED
PROD0718,Product_718,Electronics,824.24,DISCONTINUED
PROD0719,Product_719,Clothing,888.78,DISCONTINUED
PROD0720,Product_720,Clothing,708.41,DISCONTINUED
PROD0721,Product_721,Grocery,811.27,ACTIVE
PROD0722,Product_722,Home,886.16,ACTIVE
PROD0723,Product_723,Clothing,771.4,ACTIVE
PROD0724,Product_724,Home,443.45,DISCONTINUED
PROD0725,Product_725,Clothing,238.43,DISCONTINUED
PROD0726,Product_726,Clothing,242.17,DISCONTINUED
PROD0727,Product_727,Electronics,155.65,DISCONTINUED
PROD0728,Product_728,Grocery,621.92,DISCONTINUED
PROD0729,Product_729,Clothing,628.68,ACTIVE
PROD0730,Product_730,Home,390.14,DISCONTINUED
PROD0731,Product_731,Electronics,33.29,ACTIVE
PROD0732,Product_732,Grocery,199.59,DISCONTINUED
PROD0733,Product_733,Grocery,437.26,ACTIVE
PROD0734,Product_734,Clothing,305.3,ACTIVE
PROD0735,Product_735,Electronics,993.42,ACTIVE
PROD0736,Product_736,Home,944.37,ACTIVE
PROD0737,Product_737,Grocery,997.67,DISCONTINUED
PROD0738,Product_738,Clothing,480.86,ACTIVE
PROD0739,Product_739,Grocery,105.52,DISCONTINUED
PROD0740,Product_740,Clothing,26.51,ACTIVE
PROD0741,Product_741,Home,468.18,DISCONTINUED
PROD0742,Product_742,Home,988.26,DISCONTINUED
PROD0743,Product_743,Electronics,351.68,DISCONTINUED
PROD0744,Product_744,Clothing,331.11,ACTIVE
PROD0745,Product_745,Home,924.45,ACTIVE
PROD0746,Product_746,Electronics,673.87,ACTIVE
PROD0747,Product_747,Electronics,235.2,ACTIVE
PROD0748,Product_748,Grocery,217.28,DISCONTINUED
PROD0749,Product_749,Clothing,459.22,ACTIVE
PROD0750,Product_750,Grocery,362.74,ACTIVE
PROD0751,Product_751,Grocery,737.08,DISCONTINUED
PROD0752,Product_752,Grocery,971.9,ACTIVE
PROD0753,Product_753,Clothing,671.64,ACTIVE
PROD0754,Product_754,Electronics,853.27,ACTIVE
PROD0755,Product_755,Electronics,333.16,ACTIVE
PROD0756,Product_756,Grocery,653.39,ACTIVE
PROD0757,Product_757,Grocery,342.92,DISCONTINUED
PROD0758,Product_758,Grocery,624.94,DISCONTINUED
PROD0759,Product_759,Grocery,577.47,DISCONTINUED
PROD0760,Product_760,Home,418.51,DISCONTINUED
PROD0761,Product_761,Electronics,702.4,ACTIVE
PROD0762,Product_762,Electronics,126.34,ACTIVE
PROD0763,Product_763,Clothing,536.59,ACTIVE
PROD0764,Product_764,Clothing,656.35,DISCONTINUED
PROD0765,Product_765,Grocery,436.31,ACTIVE
PROD0766,Product_766,Clothing,778.19,DISCONTINUED
PROD0767,Product_767,Clothing,298.56,ACTIVE
PROD0768,Product_768,Clothing,809.12,DISCONTINUED
PROD0769,Product_769,Clothing,470.07,ACTIVE
PROD0770,Product_770,Clothing,310.97,ACTIVE
PROD0771,Product_771,Grocery,301.18,DISCONTINUED
PROD0772,Product_772,Clothing,709.33,DISCONTINUED
PROD0773,Product_773,Home,221.46,DISCONTINUED
PROD0774,Product_774,Grocery,540.95,ACTIVE
PROD0775,Product_775,Home,216.16,ACTIVE
PROD0776,Product_776,Grocery,707.06,ACTIVE
PROD0777,Product_777,Clothing,730.96,ACTIVE
PROD0778,Product_778,Home,389.75,ACTIVE
PROD0779,Product_779,Electronics,81.44,DISCONTINUED
PROD0780,Product_780,Clothing,928.94,DISCONTINUED
PROD0781,Product_781,Home,524.36,ACTIVE
PROD0782,Product_782,Grocery,908.33,ACTIVE
PROD0783,Product_783,Home,706.38,ACTIVE
PROD0784,Product_784,Clothing,746.11,ACTIVE
PROD0785,Product_785,Electronics,509.57,DISCONTINUED
PROD0786,Product_786,Electronics,493.04,ACTIVE
PROD0787,Product_787,Home,158.29,DISCONTINUED
PROD0788,Product_788,Clothing,902.28,ACTIVE
PROD0789,Product_789,Home,49.44,DISCONTINUED
PROD0790,Product_790,Home,914.48,ACTIVE
PROD0791,Product_791,Home,407.32,DISCONTINUED
PROD0792,Product_792,Clothing,989.38,ACTIVE
PROD0793,Product_793,Grocery,872.32,DISCONTINUED
PROD0794,Product_794,Electronics,538.74,ACTIVE
PROD0795,Product_795,Home,423.0,DISCONTINUED
PROD0796,Product_796,Electronics,748.65,DISCONTINUED
PROD0797,Product_797,Electronics,473.88,ACTIVE
PROD0798,Product_798,Clothing,284.73,ACTIVE
PROD0799,Product_799,Grocery,950.48,DISCONTINUED
PROD0800,Product_800,Home,188.7,ACTIVE
PROD0801,Product_801,Grocery,430.63,ACTIVE
PROD0802,Product_802,Grocery,717.04,ACTIVE
PROD0803,Product_803,Clothing,724.62,ACTIVE
PROD0804,Product_804,Electronics,482.01,DISCONTINUED
PROD0805,Product_805,Electronics,100.22,DISCONTINUED
PROD0806,Product_806,Clothing,432.16,ACTIVE
PROD0807,Product_807,Home,444.46,ACTIVE
PROD0808,Product_808,Clothing,671.54,ACTIVE
PROD0809,Product_809,Home,197.77,DISCONTINUED
PROD0810,Product_810,Home,89.33,ACTIVE
PROD0811,Product_811,Grocery,379.16,DISCONTINUED
PROD0812,Product_812,Clothing,71.8,ACTIVE
PROD0813,Product_813,Clothing,43.69,DISCONTINUED
PROD0814,Product_814,Grocery,877.31,ACTIVE
PROD0815,Product_815,Home,62.65,ACTIVE
PROD0816,Product_816,Clothing,634.8,DISCONTINUED
PROD0817,Product_817,Grocery,622.15,DISCONTINUED
PROD0818,Product_818,Clothing,314.92,ACTIVE
PROD0819,Product_819,Grocery,37.17,ACTIVE
PROD0820,Product_820,Electronics,493.02,ACTIVE
PROD0821,Product_821,Grocery,419.79,ACTIVE
PROD0822,Product_822,Clothing,891.07,ACTIVE
PROD0823,Product_823,Grocery,220.1,DISCONTINUED
PROD0824,Product_824,Home,537.49,DISCONTINUED
PROD0825,Product_825,Home,703.38,DISCONTINUED
PROD0826,Product_826,Electronics,639.26,DISCONTINUED
PROD0827,Product_827,Grocery,834.58,DISCONTINUED
PROD0828,Product_828,Clothing,732.77,DISCONTINUED
PROD0829,Product_829,Electronics,289.21,ACTIVE
PROD0830,Product_830,Electronics,13.14,ACTIVE
PROD0831,Product_831,Home,476.68,DISCONTINUED
PROD0832,Product_832,Clothing,172.3,ACTIVE
PROD0833,Product_833,Clothing,308.06,DISCONTINUED
PROD0834,Product_834,Grocery,955.71,ACTIVE
PROD0835,Product_835,Home,308.97,ACTIVE
PROD0836,Product_836,Clothing,421.52,DISCONTINUED
PROD0837,Product_837,Clothing,644.11,ACTIVE
PROD0838,Product_838,Electronics,636.68,ACTIVE
PROD0839,Product_839,Electronics,567.95,DISCONTINUED
PROD0840,Product_840,Grocery,413.81,ACTIVE
PROD0841,Product_841,Grocery,551.05,DISCONTINUED
PROD0842,Product_842,Clothing,101.8,DISCONTINUED
PROD0843,Product_843,Clothing,448.16,ACTIVE
PROD0844,Product_844,Clothing,411.37,ACTIVE
PROD0845,Product_845,Grocery,909.29,DISCONTINUED
PROD0846,Product_846,Grocery,422.12,DISCONTINUED
PROD0847,Product_847,Clothing,434.23,DISCONTINUED
PROD0848,Product_848,Clothing,956.43,ACTIVE
PROD0849,Product_849,Electronics,463.91,ACTIVE
PROD0850,Product_850,Electronics,977.72,ACTIVE
PROD0851,Product_851,Grocery,256.5,ACTIVE
PROD0852,Product_852,Electronics,449.74,ACTIVE
PROD0853,Product_853,Grocery,676.57,ACTIVE
PROD0854,Product_854,Home,89.94,DISCONTINUED
PROD0855,Product_855,Home,144.51,DISCONTINUED
PROD0856,Product_856,Electronics,39.61,ACTIVE
PROD0857,Product_857,Grocery,488.93,ACTIVE
PROD0858,Product_858,Electronics,120.49,ACTIVE
PROD0859,Product_859,Electronics,824.74,DISCONTINUED
PROD0860,Product_860,Grocery,943.43,DISCONTINUED
PROD0861,Product_861,Clothing,61.02,ACTIVE
PROD0862,Product_862,Electronics,633.8,DISCONTINUED
PROD0863,Product_863,Clothing,817.53,DISCONTINUED
PROD0864,Product_864,Clothing,781.48,ACTIVE
PROD0865,Product_865,Home,309.14,ACTIVE
PROD0866,Product_866,Clothing,476.8,ACTIVE
PROD0867,Product_867,Clothing,815.28,ACTIVE
PROD0868,Product_868,Grocery,320.47,DISCONTINUED
PROD0869,Product_869,Clothing,770.77,DISCONTINUED
PROD0870,Product_870,Electronics,217.12,ACTIVE
PROD0871,Product_871,Grocery,518.65,DISCONTINUED
PROD0872,Product_872,Clothing,144.05,ACTIVE
PROD0873,Product_873,Grocery,531.11,DISCONTINUED
PROD0874,Product_874,Electronics,585.27,ACTIVE
PROD0875,Product_875,Electronics,455.24,ACTIVE
PROD0876,Product_876,Home,506.7,ACTIVE
PROD0877,Product_877,Electronics,640.6,ACTIVE
PROD0878,Product_878,Clothing,23.42,ACTIVE
PROD0879,Product_879,Home,62.97,ACTIVE
PROD0880,Product_880,Electronics,412.07,ACTIVE
PROD0881,Product_881,Electronics,134.44,ACTIVE
PROD0882,Product_882,Home,877.44,DISCONTINUED
PROD0883,Product_883,Clothing,826.1,ACTIVE
PROD0884,Product_884,Grocery,504.95,DISCONTINUED
PROD0885,Product_885,Grocery,866.6,DISCONTINUED
PROD0886,Product_886,Electronics,900.4,DISCONTINUED
PROD0887,Product_887,Clothing,263.18,ACTIVE
PROD0888,Product_888,Grocery,923.91,ACTIVE
PROD0889,Product_889,Home,772.31,DISCONTINUED
PROD0890,Product_890,Home,333.94,ACTIVE
PROD0891,Product_891,Electronics,702.31,DISCONTINUED
PROD0892,Product_892,Clothing,376.59,ACTIVE
PROD0893,Product_893,Electronics,951.2,ACTIVE
PROD0894,Product_894,Home,242.48,ACTIVE
PROD0895,Product_895,Home,545.52,ACTIVE
PROD0896,Product_896,Clothing,375.29,ACTIVE
PROD0897,Product_897,Electronics,174.47,ACTIVE
PROD0898,Product_898,Clothing,911.06,ACTIVE
PROD0899,Product_899,Electronics,410.76,ACTIVE
PROD0900,Product_900,Home,753.47,DISCONTINUED
PROD0901,Product_901,Home,56.24,ACTIVE
PROD0902,Product_902,Electronics,87.75,ACTIVE
PROD0903,Product_903,Grocery,230.37,ACTIVE
PROD0904,Product_904,Electronics,992.41,DISCONTINUED
PROD0905,Product_905,Grocery,287.99,ACTIVE
PROD0906,Product_906,Home,722.25,DISCONTINUED
PROD0907,Product_907,Electronics,970.28,ACTIVE
PROD0908,Product_908,Clothing,21.33,DISCONTINUED
PROD0909,Product_909,Home,258.45,DISCONTINUED
PROD0910,Product_910,Home,241.72,DISCONTINUED
PROD0911,Product_911,Home,712.67,DISCONTINUED
PROD0912,Product_912,Home,944.01,ACTIVE
PROD0913,Product_913,Home,345.07,DISCONTINUED
PROD0914,Product_914,Grocery,810.97,DISCONTINUED
PROD0915,Product_915,Clothing,227.16,DISCONTINUED
PROD0916,Product_916,Electronics,130.4,ACTIVE
PROD0917,Product_917,Grocery,448.11,DISCONTINUED
PROD0918,Product_918,Electronics,538.54,ACTIVE
PROD0919,Product_919,Grocery,185.02,DISCONTINUED
PROD0920,Product_920,Clothing,868.22,ACTIVE
PROD0921,Product_921,Grocery,291.53,ACTIVE
PROD0922,Product_922,Grocery,136.57,ACTIVE
PROD0923,Product_923,Clothing,625.28,DISCONTINUED
PROD0924,Product_924,Electronics,422.17,DISCONTINUED
PROD0925,Product_925,Clothing,764.67,DISCONTINUED
PROD0926,Product_926,Electronics,364.44,ACTIVE
PROD0927,Product_927,Home,549.13,ACTIVE
PROD0928,Product_928,Home,156.16,DISCONTINUED
PROD0929,Product_929,Home,431.96,ACTIVE
PROD0930,Product_930,Electronics,78.37,DISCONTINUED
PROD0931,Product_931,Clothing,239.53,DISCONTINUED
PROD0932,Product_932,Clothing,119.85,ACTIVE
PROD0933,Product_933,Electronics,368.84,DISCONTINUED
PROD0934,Product_934,Home,697.33,DISCONTINUED
PROD0935,Product_935,Grocery,969.64,ACTIVE
PROD0936,Product_936,Home,180.02,DISCONTINUED
PROD0937,Product_937,Grocery,518.91,ACTIVE
PROD0938,Product_938,Grocery,284.11,DISCONTINUED
PROD0939,Product_939,Grocery,970.95,ACTIVE
PROD0940,Product_940,Grocery,417.99,ACTIVE
PROD0941,Product_941,Electronics,797.33,ACTIVE
PROD0942,Product_942,Home,854.69,ACTIVE
PROD0943,Product_943,Clothing,43.77,DISCONTINUED
PROD0944,Product_944,Electronics,834.66,ACTIVE
PROD0945,Product_945,Electronics,447.93,ACTIVE
PROD0946,Product_946,Grocery,136.23,ACTIVE
PROD0947,Product_947,Electronics,945.6,ACTIVE
PROD0948,Product_948,Electronics,785.57,ACTIVE
PROD0949,Product_949,Electronics,648.82,ACTIVE
PROD0950,Product_950,Grocery,192.31,ACTIVE
PROD0951,Product_951,Home,824.26,DISCONTINUED
PROD0952,Product_952,Grocery,113.16,DISCONTINUED
PROD0953,Product_953,Grocery,189.16,ACTIVE
PROD0954,Product_954,Electronics,408.52,ACTIVE
PROD0955,Product_955,Home,952.35,DISCONTINUED
PROD0956,Product_956,Grocery,581.6,DISCONTINUED
PROD0957,Product_957,Clothing,961.69,DISCONTINUED
PROD0958,Product_958,Clothing,558.53,DISCONTINUED
PROD0959,Product_959,Clothing,128.68,ACTIVE
PROD0960,Product_960,Home,179.08,ACTIVE
PROD0961,Product_961,Clothing,995.1,ACTIVE
PROD0962,Product_962,Electronics,746.65,DISCONTINUED
PROD0963,Product_963,Clothing,25.53,ACTIVE
PROD0964,Product_964,Home,173.78,ACTIVE
PROD0965,Product_965,Home,56.39,ACTIVE
PROD0966,Product_966,Home,644.98,DISCONTINUED
PROD0967,Product_967,Electronics,544.58,ACTIVE
PROD0968,Product_968,Grocery,44.32,DISCONTINUED
PROD0969,Product_969,Home,175.32,ACTIVE
PROD0970,Product_970,Clothing,108.51,ACTIVE
PROD0971,Product_971,Home,35.01,DISCONTINUED
PROD0972,Product_972,Grocery,936.06,ACTIVE
PROD0973,Product_973,Electronics,213.62,DISCONTINUED
PROD0974,Product_974,Clothing,315.11,DISCONTINUED
PROD0975,Product_975,Grocery,569.62,DISCONTINUED
PROD0976,Product_976,Grocery,67.7,DISCONTINUED
PROD0977,Product_977,Electronics,465.39,ACTIVE
PROD0978,Product_978,Home,954.65,DISCONTINUED
PROD0979,Product_979,Clothing,786.81,DISCONTINUED
PROD0980,Product_980,Electronics,662.29,ACTIVE
PROD0981,Product_981,Grocery,751.08,ACTIVE
PROD0982,Product_982,Home,636.17,ACTIVE
PROD0983,Product_983,Electronics,389.48,ACTIVE
PROD0984,Product_984,Electronics,841.38,ACTIVE
PROD0985,Product_985,Grocery,742.63,DISCONTINUED
PROD0986,Product_986,Electronics,600.34,DISCONTINUED
PROD0987,Product_987,Clothing,947.0,ACTIVE
PROD0988,Product_988,Electronics,937.08,DISCONTINUED
PROD0989,Product_989,Grocery,598.27,DISCONTINUED
PROD0990,Product_990,Home,794.56,ACTIVE
PROD0991,Product_991,Clothing,139.48,ACTIVE
PROD0992,Product_992,Grocery,533.31,DISCONTINUED
PROD0993,Product_993,Clothing,787.59,ACTIVE
PROD0994,Product_994,Clothing,238.77,ACTIVE
PROD0995,Product_995,Grocery,655.53,ACTIVE
PROD0996,Product_996,Clothing,900.8,DISCONTINUED
PROD0997,Product_997,Home,500.41,DISCONTINUED
PROD0998,Product_998,Electronics,771.38,ACTIVE
PROD0999,Product_999,Electronics,289.9,DISCONTINUED
PROD1000,Product_1000,Grocery,518.06,DISCONTINUED
